simulation_id,simulation_date,crude_mix,diesel_yield,gasoline_yield,jet_fuel_yield,other_products_yield,total_cost,diesel_sulfur,gasoline_octane
SIM_0001,2025-10-11,"Bonny Light:0.04, Basra Light:0.53, Dubai:0.01, Maya:0.42",38.61,33.57,18.97,8.85,51594.62,1.414,88.0
SIM_0002,2025-10-12,"Oman:0.46, Bonny Light:0.31, Urals:0.23",42.36,22.45,19.32,15.88,78416.09,1.808,89.0
SIM_0003,2025-10-13,"Maya:0.06, Dubai:0.94",40.53,24.91,16.58,17.98,53724.81,1.261,87.1
SIM_0004,2025-10-14,"Brent:0.26, Maya:0.74",34.9,20.27,16.09,28.75,74913.79,0.855,88.8
SIM_0005,2025-10-15,"Forties:0.62, Arab Light:0.25, WTI:0.12",28.38,26.92,16.07,28.64,59928.56,1.265,88.0
SIM_0006,2025-10-16,"Oman:0.16, WTI:0.06, Forties:0.02, Bonny Light:0.76",25.24,20.92,18.05,35.79,58460.25,1.584,88.2
SIM_0007,2025-10-17,"Basra Light:0.09, Dubai:0.91",26.93,32.85,11.78,28.44,75853.55,1.307,94.0
SIM_0008,2025-10-18,"Maya:0.04, Basra Light:0.29, Dubai:0.28, Bonny Light:0.39",26.71,29.4,12.81,31.09,65210.09,1.66,92.6
SIM_0009,2025-10-19,"Dubai:0.02, Basra Light:0.00, Maya:0.55, Bonny Light:0.43",36.36,34.98,19.53,9.13,69653.27,1.197,88.2
SIM_0010,2025-10-20,"WTI:0.43, Arab Light:0.46, Bonny Light:0.11",28.93,34.84,12.43,23.79,75145.76,1.205,90.5
SIM_0011,2025-10-21,"Arab Light:0.03, Basra Light:0.30, WTI:0.22, Oman:0.44",28.31,22.16,15.41,34.11,68433.01,1.22,91.8
SIM_0012,2025-10-22,"Dubai:0.01, WTI:0.32, Brent:0.54, Bonny Light:0.13",25.92,34.8,12.64,26.64,53798.63,1.055,92.9
SIM_0013,2025-10-23,"Brent:0.88, Oman:0.12",28.27,29.61,18.13,23.99,60484.23,1.393,88.4
SIM_0014,2025-10-24,"Brent:0.30, Urals:0.06, Basra Light:0.03, WTI:0.61",39.35,32.51,10.13,18.01,60633.85,1.614,87.6
SIM_0015,2025-10-25,"Maya:0.46, Basra Light:0.54",42.96,27.01,13.92,16.11,71716.13,1.864,87.2
SIM_0016,2025-10-26,"Maya:0.08, WTI:0.92",34.17,23.12,17.07,25.63,58532.61,0.901,94.0
SIM_0017,2025-10-27,"Oman:0.84, Basra Light:0.16",35.27,29.93,15.52,19.28,58220.62,1.694,88.4
SIM_0018,2025-10-28,"Maya:0.82, Forties:0.18",29.07,28.33,12.19,30.41,56180.66,1.319,90.1
SIM_0019,2025-10-29,"Forties:0.63, Arab Light:0.30, WTI:0.08",34.37,32.13,19.23,14.27,57107.45,1.309,88.3
SIM_0020,2025-10-30,"Forties:0.96, Basra Light:0.04",26.63,24.48,15.14,33.75,62188.24,0.567,94.7
SIM_0021,2025-10-31,"Urals:0.31, WTI:0.69",33.38,24.37,18.08,24.17,64443.89,1.482,88.5
SIM_0022,2025-11-01,"Brent:0.45, Forties:0.14, Urals:0.41",32.86,29.5,18.94,18.7,67639.62,1.422,92.7
SIM_0023,2025-11-02,"Bonny Light:0.04, Basra Light:0.04, Oman:0.82, Forties:0.11",29.84,20.53,12.76,36.87,70805.79,1.139,91.1
SIM_0024,2025-11-03,"Brent:0.21, Maya:0.69, Oman:0.08, Urals:0.02",32.91,32.81,17.55,16.73,65514.68,1.358,88.0
SIM_0025,2025-11-04,"Brent:0.05, Maya:0.03, Basra Light:0.36, Dubai:0.56",39.33,32.08,19.91,8.67,54042.68,1.948,91.8
SIM_0026,2025-11-05,"Forties:0.52, Brent:0.04, Maya:0.43",29.36,20.74,14.92,34.97,64059.08,0.617,89.1
SIM_0027,2025-11-06,"Brent:0.18, Basra Light:0.05, Oman:0.35, Arab Light:0.42",28.62,20.67,10.81,39.89,69711.37,0.703,91.0
SIM_0028,2025-11-07,"Brent:0.11, Basra Light:0.64, Bonny Light:0.01, WTI:0.25",39.56,29.33,17.61,13.51,71770.76,1.538,93.6
SIM_0029,2025-11-08,"Basra Light:0.23, Urals:0.77",34.89,29.44,15.05,20.62,66101.56,0.536,89.0
SIM_0030,2025-11-09,"Brent:0.26, Urals:0.74",30.46,34.67,16.74,18.13,77950.43,1.752,91.6
SIM_0031,2025-11-10,"Maya:0.15, Urals:0.28, Bonny Light:0.31, Basra Light:0.26",35.94,33.22,14.49,16.34,51833.09,1.767,92.4
SIM_0032,2025-11-11,"Bonny Light:0.56, Dubai:0.40, Brent:0.05",38.35,33.34,14.26,14.06,62405.51,1.164,87.7
SIM_0033,2025-11-12,"Forties:0.51, WTI:0.49",43.02,32.46,19.38,5.13,76065.0,1.803,87.5
SIM_0034,2025-11-13,"Maya:0.18, Bonny Light:0.29, Basra Light:0.53",43.24,32.38,14.51,9.88,61633.49,0.86,90.0
SIM_0035,2025-11-14,"Maya:0.46, Brent:0.54",31.07,24.71,14.92,29.3,56015.56,1.567,91.3
SIM_0036,2025-11-15,"Arab Light:0.02, Bonny Light:0.98",27.75,33.34,19.14,19.77,63821.01,1.71,89.9
SIM_0037,2025-11-16,"Dubai:0.06, Oman:0.03, Brent:0.16, WTI:0.74",34.35,30.86,14.95,19.85,62958.0,1.115,91.0
SIM_0038,2025-11-17,"Basra Light:0.06, Urals:0.94",34.93,29.32,15.4,20.36,71307.61,0.979,88.1
SIM_0039,2025-11-18,"Dubai:0.02, Brent:0.63, WTI:0.36",33.44,31.29,17.41,17.86,51201.82,1.514,92.1
SIM_0040,2025-11-19,"Brent:0.18, Maya:0.37, WTI:0.27, Arab Light:0.18",41.36,31.92,17.32,9.4,52310.97,1.695,94.4
SIM_0041,2025-11-20,"Brent:0.22, Arab Light:0.53, Maya:0.12, Bonny Light:0.13",36.49,28.41,17.69,17.41,72734.4,1.506,90.6
SIM_0042,2025-11-21,"Brent:0.33, Oman:0.16, Arab Light:0.33, Bonny Light:0.18",35.39,30.02,18.0,16.59,56826.86,0.75,87.2
SIM_0043,2025-11-22,"Arab Light:0.44, Brent:0.09, Forties:0.47",29.19,30.2,13.64,26.97,54410.9,1.024,88.8
SIM_0044,2025-11-23,"Maya:0.11, Brent:0.26, Arab Light:0.63",32.17,20.31,10.97,36.55,58715.1,1.49,87.8
SIM_0045,2025-11-24,"Basra Light:0.05, Arab Light:0.08, Urals:0.18, Brent:0.70",31.12,26.13,13.02,29.74,52406.73,1.909,91.4
SIM_0046,2025-11-25,"Urals:0.29, Forties:0.59, Dubai:0.10, WTI:0.03",35.91,30.37,12.44,21.27,72193.03,1.926,88.1
SIM_0047,2025-11-26,"Forties:0.75, Basra Light:0.22, Arab Light:0.04",36.07,21.99,13.43,28.51,65305.77,1.856,87.7
SIM_0048,2025-11-27,"Basra Light:0.76, Maya:0.24",35.69,33.32,15.15,15.84,72173.09,0.948,90.6
SIM_0049,2025-11-28,"Dubai:0.24, Forties:0.32, WTI:0.09, Basra Light:0.36",31.78,23.84,12.22,32.16,55997.12,1.606,94.1
SIM_0050,2025-11-29,"Maya:0.13, Brent:0.11, Bonny Light:0.75",40.36,23.12,13.84,22.68,66320.37,1.419,90.7
SIM_0051,2025-11-30,"Oman:0.55, Brent:0.28, Arab Light:0.14, Bonny Light:0.03",31.75,26.9,16.87,24.48,69379.16,1.921,87.8
SIM_0052,2025-12-01,"Dubai:0.25, Brent:0.75",40.07,30.74,11.53,17.66,51767.26,1.368,92.1
SIM_0053,2025-12-02,"Maya:0.45, WTI:0.43, Urals:0.02, Arab Light:0.10",44.23,28.02,13.78,13.97,72861.15,1.287,87.1
SIM_0054,2025-12-03,"Dubai:0.45, Basra Light:0.55",38.75,28.54,13.75,18.96,69623.52,0.745,87.5
SIM_0055,2025-12-04,"WTI:0.43, Brent:0.20, Maya:0.02, Forties:0.36",33.88,31.48,10.13,24.51,50862.19,0.756,88.7
SIM_0056,2025-12-05,"Bonny Light:0.77, Forties:0.23",43.81,31.26,10.01,14.92,72968.4,1.61,87.1
SIM_0057,2025-12-06,"Urals:0.42, Maya:0.07, Arab Light:0.39, Bonny Light:0.12",31.34,33.45,10.32,24.9,50840.57,1.4,93.4
SIM_0058,2025-12-07,"WTI:0.05, Maya:0.60, Oman:0.35",27.71,25.61,18.1,28.58,67050.65,0.663,90.0
SIM_0059,2025-12-08,"Bonny Light:0.51, Maya:0.49",30.24,29.12,15.76,24.89,61905.54,1.986,94.1
SIM_0060,2025-12-09,"Oman:0.93, Basra Light:0.07",35.17,29.7,15.17,19.96,76676.81,1.984,87.9
SIM_0061,2025-12-10,"Brent:0.48, Maya:0.26, WTI:0.26",26.76,26.16,15.46,31.62,63859.42,1.851,94.3
SIM_0062,2025-12-11,"Dubai:0.36, Bonny Light:0.12, Brent:0.17, WTI:0.35",41.27,29.87,18.15,10.71,67277.32,0.507,87.3
SIM_0063,2025-12-12,"Forties:0.06, Brent:0.81, Basra Light:0.13",39.62,31.7,19.63,9.05,64955.22,1.424,89.7
SIM_0064,2025-12-13,"Oman:0.18, WTI:0.82",26.78,25.26,19.11,28.85,66700.03,0.898,94.7
SIM_0065,2025-12-14,"Brent:0.30, Maya:0.31, Forties:0.23, WTI:0.15",28.0,24.95,11.37,35.69,71747.39,0.74,92.6
SIM_0066,2025-12-15,"Oman:0.91, Basra Light:0.09",41.58,31.42,11.86,15.14,71574.93,1.503,93.0
SIM_0067,2025-12-16,"Arab Light:0.68, Maya:0.32",31.63,28.76,17.03,22.58,61620.95,1.247,90.6
SIM_0068,2025-12-17,"Arab Light:0.47, Brent:0.14, Maya:0.13, Urals:0.27",39.66,21.41,19.48,19.45,66294.59,0.96,92.5
SIM_0069,2025-12-18,"Basra Light:0.18, Brent:0.04, Maya:0.77",31.47,26.59,13.24,28.71,59300.78,1.621,93.0
SIM_0070,2025-12-19,"Bonny Light:0.99, Urals:0.01",32.36,23.36,18.15,26.13,75379.04,0.81,92.7
SIM_0071,2025-12-20,"Brent:0.05, Bonny Light:0.22, Forties:0.52, WTI:0.21",25.72,20.44,16.06,37.78,59839.45,1.359,88.3
SIM_0072,2025-12-21,"Maya:0.48, Arab Light:0.04, Bonny Light:0.48",33.79,32.83,17.39,15.98,61295.59,1.855,89.3
SIM_0073,2025-12-22,"Maya:0.25, Brent:0.39, Bonny Light:0.36",35.31,26.97,13.98,23.75,75857.3,0.996,89.1
SIM_0074,2025-12-23,"Dubai:0.19, Arab Light:0.67, Urals:0.14",42.83,21.07,18.35,17.74,52746.67,0.584,89.9
SIM_0075,2025-12-24,"Maya:0.62, Arab Light:0.38",44.64,32.1,10.1,13.16,58635.03,0.546,87.8
SIM_0076,2025-12-25,"Arab Light:0.12, Basra Light:0.88",26.37,29.61,17.77,26.24,64073.78,1.632,94.4
SIM_0077,2025-12-26,"Maya:0.96, Arab Light:0.04",36.07,24.42,11.34,28.17,73154.55,0.826,88.8
SIM_0078,2025-12-27,"Basra Light:0.42, Arab Light:0.30, Oman:0.19, Brent:0.08",39.01,32.65,15.95,12.38,73533.84,1.624,91.6
SIM_0079,2025-12-28,"Forties:0.72, Maya:0.05, WTI:0.23",33.91,32.28,17.74,16.07,57058.93,0.728,90.1
SIM_0080,2025-12-29,"Dubai:0.09, Forties:0.23, Bonny Light:0.32, Basra Light:0.35",37.91,20.82,10.81,30.46,55661.18,1.808,92.0
SIM_0081,2025-12-30,"Oman:0.26, Bonny Light:0.07, WTI:0.60, Basra Light:0.08",30.24,21.89,12.24,35.63,53184.34,1.931,89.2
SIM_0082,2025-12-31,"Basra Light:0.03, Dubai:0.30, Arab Light:0.16, Brent:0.51",39.47,24.98,16.69,18.86,57760.26,1.591,87.1
SIM_0083,2026-01-01,"Forties:0.31, Brent:0.18, Oman:0.51",25.62,24.07,17.31,33.0,70254.48,0.865,91.8
SIM_0084,2026-01-02,"Arab Light:0.09, Maya:0.61, Basra Light:0.24, WTI:0.06",36.51,28.99,10.23,24.27,55365.0,1.328,90.2
SIM_0085,2026-01-03,"Brent:0.28, Forties:0.32, Basra Light:0.33, Bonny Light:0.07",36.91,33.58,13.53,15.98,56323.01,1.658,88.4
SIM_0086,2026-01-04,"WTI:0.47, Oman:0.53",31.01,30.01,16.45,22.53,67334.65,0.671,90.8
SIM_0087,2026-01-05,"Urals:0.47, Bonny Light:0.08, Oman:0.16, Maya:0.30",28.18,31.06,16.9,23.86,66292.49,1.349,87.8
SIM_0088,2026-01-06,"Maya:0.02, WTI:0.14, Urals:0.21, Basra Light:0.64",34.88,20.43,16.17,28.52,62343.09,1.883,91.0
SIM_0089,2026-01-07,"Basra Light:0.77, Urals:0.04, Oman:0.19",25.01,27.6,19.24,28.15,55973.07,1.46,92.2
SIM_0090,2026-01-08,"WTI:0.51, Oman:0.12, Arab Light:0.37",32.78,32.76,16.37,18.09,54231.4,1.474,88.5
SIM_0091,2026-01-09,"Arab Light:0.41, Brent:0.43, Maya:0.16",42.62,29.66,17.13,10.59,58320.2,0.501,93.9
SIM_0092,2026-01-10,"Bonny Light:0.79, Basra Light:0.03, Dubai:0.15, Maya:0.02",25.45,33.84,18.1,22.6,70824.66,1.798,93.4
SIM_0093,2026-01-11,"Basra Light:0.05, Bonny Light:0.95",33.9,30.89,16.82,18.39,54060.87,0.714,93.0
SIM_0094,2026-01-12,"Dubai:0.32, WTI:0.68",27.43,21.56,18.96,32.04,67564.1,1.902,89.8
SIM_0095,2026-01-13,"Bonny Light:0.19, Maya:0.62, Arab Light:0.10, Brent:0.09",33.01,30.59,15.66,20.74,77760.65,0.538,92.7
SIM_0096,2026-01-14,"Bonny Light:0.58, Forties:0.42",27.97,20.07,19.7,32.26,78304.98,1.225,95.0
SIM_0097,2026-01-15,"Maya:0.20, Basra Light:0.13, Arab Light:0.01, Urals:0.66",38.12,27.73,12.73,21.42,69742.97,1.046,92.6
SIM_0098,2026-01-16,"Maya:0.17, Forties:0.35, Dubai:0.06, Urals:0.42",43.48,29.53,11.06,15.93,76858.84,1.689,93.0
SIM_0099,2026-01-17,"Maya:0.43, Oman:0.57",40.42,26.49,19.26,13.83,65096.54,1.022,94.8
SIM_0100,2026-01-18,"Brent:0.67, WTI:0.33",39.87,31.19,15.0,13.94,51354.75,0.616,93.3
SIM_0101,2026-01-19,"Dubai:0.87, Oman:0.07, Bonny Light:0.06",37.76,25.67,16.26,20.3,59149.87,1.427,89.2
SIM_0102,2026-01-20,"Bonny Light:0.70, Urals:0.12, Basra Light:0.18",30.79,33.35,11.73,24.13,77686.2,1.284,92.7
SIM_0103,2026-01-21,"Forties:0.05, Maya:0.51, Basra Light:0.03, Urals:0.41",29.4,24.56,11.3,34.74,57460.02,1.732,92.1
SIM_0104,2026-01-22,"Urals:0.39, Dubai:0.61",26.07,30.72,15.43,27.78,74868.77,0.908,94.2
SIM_0105,2026-01-23,"Forties:0.08, Basra Light:0.44, Bonny Light:0.48",44.71,28.12,12.71,14.46,70510.18,1.969,88.4
SIM_0106,2026-01-24,"Arab Light:0.41, WTI:0.39, Basra Light:0.01, Maya:0.19",26.09,28.26,17.18,28.47,53655.51,1.542,90.6
SIM_0107,2026-01-25,"Forties:0.51, Oman:0.15, Basra Light:0.34",30.92,22.47,15.03,31.58,64840.05,0.762,92.9
SIM_0108,2026-01-26,"Forties:0.22, Basra Light:0.04, Bonny Light:0.73",43.57,30.25,10.18,16.0,66112.23,1.444,95.0
SIM_0109,2026-01-27,"Maya:0.33, Brent:0.53, Dubai:0.14",32.14,32.86,10.38,24.61,54526.34,0.688,90.2
SIM_0110,2026-01-28,"Dubai:0.42, Urals:0.58",34.89,34.87,10.44,19.8,57031.15,1.095,90.6
SIM_0111,2026-01-29,"Basra Light:0.48, Forties:0.52",39.27,31.55,16.35,12.83,57115.83,1.811,92.9
SIM_0112,2026-01-30,"Basra Light:0.34, Urals:0.66",30.24,30.4,14.0,25.37,62424.05,0.921,92.0
SIM_0113,2026-01-31,"Arab Light:0.01, Maya:0.30, WTI:0.69",44.55,31.75,15.81,7.89,50790.59,1.738,88.4
SIM_0114,2026-02-01,"Bonny Light:0.30, Basra Light:0.10, WTI:0.60",32.16,27.42,10.64,29.79,58267.78,1.515,92.9
SIM_0115,2026-02-02,"Dubai:0.38, Arab Light:0.62, Brent:0.00",31.97,29.11,19.52,19.4,62256.46,0.744,91.3
SIM_0116,2026-02-03,"Basra Light:0.24, Arab Light:0.26, Maya:0.19, WTI:0.32",31.46,21.32,10.58,36.64,75563.98,1.596,92.6
SIM_0117,2026-02-04,"Maya:0.02, Dubai:0.75, Bonny Light:0.22",39.44,30.61,15.35,14.59,73321.19,1.372,89.3
SIM_0118,2026-02-05,"Dubai:0.62, Urals:0.17, WTI:0.21",33.32,26.74,18.95,20.99,73644.32,0.69,91.9
SIM_0119,2026-02-06,"Bonny Light:0.31, WTI:0.69",34.57,22.67,18.76,24.0,65774.63,1.8,89.1
SIM_0120,2026-02-07,"Arab Light:0.47, Bonny Light:0.53",27.62,22.06,17.73,32.6,75671.87,1.677,93.7
SIM_0121,2026-02-08,"Arab Light:0.18, Forties:0.19, Bonny Light:0.46, Maya:0.18",25.54,30.65,18.85,24.96,65417.14,1.372,88.3
SIM_0122,2026-02-09,"WTI:0.24, Brent:0.48, Maya:0.28",32.85,28.47,12.42,26.26,52367.1,0.537,89.0
SIM_0123,2026-02-10,"Urals:0.58, Maya:0.14, WTI:0.14, Bonny Light:0.14",26.96,34.63,11.39,27.02,60226.57,0.979,87.6
SIM_0124,2026-02-11,"Basra Light:0.15, Oman:0.83, Forties:0.02",28.83,22.33,15.89,32.95,54059.03,1.484,93.4
SIM_0125,2026-02-12,"Dubai:0.40, Maya:0.09, Basra Light:0.51",44.98,29.79,13.72,11.5,59952.39,1.897,94.0
SIM_0126,2026-02-13,"Dubai:0.20, Urals:0.00, Maya:0.80",37.29,22.82,19.44,20.45,62287.13,0.538,88.8
SIM_0127,2026-02-14,"Maya:0.42, Brent:0.01, Forties:0.01, WTI:0.57",37.9,30.73,10.96,20.41,52094.38,0.74,90.4
SIM_0128,2026-02-15,"Basra Light:0.12, WTI:0.31, Brent:0.57",33.59,30.72,11.33,24.36,72138.76,1.783,92.2
SIM_0129,2026-02-16,"Urals:0.19, WTI:0.45, Brent:0.36",34.59,23.92,11.37,30.12,64639.4,1.584,94.8
SIM_0130,2026-02-17,"Maya:0.78, Dubai:0.22",29.69,21.56,10.51,38.25,75753.53,0.575,87.7
SIM_0131,2026-02-18,"Urals:0.47, WTI:0.47, Basra Light:0.06",28.28,21.06,13.2,37.45,64205.26,1.997,90.4
SIM_0132,2026-02-19,"Brent:0.83, Arab Light:0.13, WTI:0.04",27.07,24.04,15.69,33.2,78404.16,0.949,89.4
SIM_0133,2026-02-20,"Dubai:0.82, Arab Light:0.18",35.25,29.05,14.5,21.2,55750.71,1.883,91.5
SIM_0134,2026-02-21,"Brent:0.50, Urals:0.12, WTI:0.08, Oman:0.29",29.54,23.66,18.93,27.87,65922.78,1.225,92.5
SIM_0135,2026-02-22,"Arab Light:0.81, Maya:0.19",35.7,30.27,14.49,19.54,75890.78,1.804,90.8
SIM_0136,2026-02-23,"Dubai:1.00, Basra Light:0.00",31.25,23.12,16.54,29.09,54081.16,0.935,89.7
SIM_0137,2026-02-24,"Arab Light:0.27, Dubai:0.73",26.92,27.55,14.56,30.97,62306.15,1.753,90.0
SIM_0138,2026-02-25,"Basra Light:0.18, Forties:0.82",38.74,23.83,16.01,21.42,70546.05,1.2,89.7
SIM_0139,2026-02-26,"Dubai:0.39, Basra Light:0.27, Bonny Light:0.34",44.79,31.25,14.31,9.66,63718.89,1.249,92.3
SIM_0140,2026-02-27,"Bonny Light:0.17, WTI:0.25, Basra Light:0.57",40.95,30.97,11.74,16.33,57100.55,1.363,89.4
SIM_0141,2026-02-28,"Brent:0.86, Arab Light:0.14",35.54,32.59,11.19,20.68,53381.92,0.62,93.8
SIM_0142,2026-03-01,"Dubai:0.36, Maya:0.20, Arab Light:0.24, Forties:0.20",33.52,25.13,16.76,24.6,58873.59,1.026,90.5
SIM_0143,2026-03-02,"WTI:0.13, Basra Light:0.19, Oman:0.61, Dubai:0.06",42.01,23.62,15.89,18.48,70570.35,1.858,91.9
SIM_0144,2026-03-03,"Brent:0.89, Urals:0.11",28.12,27.87,15.96,28.04,68970.23,1.619,89.4
SIM_0145,2026-03-04,"Bonny Light:0.08, Dubai:0.24, Forties:0.13, Brent:0.54",35.56,20.45,19.85,24.14,52228.96,1.544,90.5
SIM_0146,2026-03-05,"WTI:1.00, Maya:0.00",34.45,33.41,16.8,15.33,61637.01,1.491,94.5
SIM_0147,2026-03-06,"Brent:0.40, Arab Light:0.08, Urals:0.52",32.98,29.38,17.98,19.66,60494.1,1.21,93.3
SIM_0148,2026-03-07,"Bonny Light:0.70, Oman:0.05, Forties:0.07, Basra Light:0.18",27.86,24.94,15.79,31.41,68070.88,1.382,87.9
SIM_0149,2026-03-08,"WTI:0.14, Oman:0.24, Brent:0.32, Dubai:0.30",39.1,21.24,13.56,26.11,63020.0,0.891,88.4
SIM_0150,2026-03-09,"Bonny Light:0.49, Arab Light:0.44, WTI:0.06",37.08,27.95,19.82,15.15,72430.15,1.364,93.8
SIM_0151,2026-03-10,"Arab Light:0.16, Forties:0.84",30.43,29.09,15.14,25.34,54345.56,1.609,93.4
SIM_0152,2026-03-11,"Forties:0.91, WTI:0.02, Basra Light:0.07",26.72,24.1,10.92,38.25,65249.27,1.158,88.4
SIM_0153,2026-03-12,"Basra Light:0.44, Arab Light:0.56",30.38,31.31,12.39,25.92,72128.33,1.696,89.0
SIM_0154,2026-03-13,"Dubai:0.13, Forties:0.60, Urals:0.27",33.72,28.05,12.8,25.44,54891.98,1.223,90.7
SIM_0155,2026-03-14,"Maya:0.31, Oman:0.44, Bonny Light:0.11, Basra Light:0.14",35.44,22.91,16.89,24.75,77089.3,0.746,87.7
SIM_0156,2026-03-15,"WTI:0.37, Basra Light:0.18, Dubai:0.45",40.27,33.03,10.2,16.5,57305.19,0.635,90.5
SIM_0157,2026-03-16,"Maya:0.07, Arab Light:0.73, Dubai:0.21",40.19,21.34,14.93,23.54,77031.15,1.816,87.4
SIM_0158,2026-03-17,"Arab Light:0.03, Bonny Light:0.22, Dubai:0.44, WTI:0.30",37.62,31.36,12.27,18.75,69845.58,1.088,87.6
SIM_0159,2026-03-18,"Urals:0.51, Oman:0.49",31.53,30.09,15.31,23.07,61562.73,0.724,87.2
SIM_0160,2026-03-19,"Forties:0.53, Dubai:0.47",29.33,29.1,15.03,26.54,51824.49,0.917,95.0
SIM_0161,2026-03-20,"Forties:0.17, Urals:0.19, Oman:0.64",41.06,29.86,18.95,10.13,77172.34,1.96,93.2
SIM_0162,2026-03-21,"Forties:0.34, Maya:0.18, WTI:0.30, Basra Light:0.18",28.06,27.04,16.91,27.99,73978.51,1.24,88.3
SIM_0163,2026-03-22,"Bonny Light:0.11, Brent:0.89",29.18,21.01,15.03,34.79,64986.86,1.56,93.0
SIM_0164,2026-03-23,"Arab Light:0.01, Urals:0.60, Oman:0.40",34.91,29.04,16.78,19.27,76533.72,1.651,91.6
SIM_0165,2026-03-24,"WTI:0.16, Maya:0.75, Oman:0.09",40.53,34.23,14.99,10.25,62285.63,1.862,88.1
SIM_0166,2026-03-25,"Brent:0.89, Basra Light:0.11",31.67,27.32,19.05,21.96,65625.94,1.966,94.9
SIM_0167,2026-03-26,"Maya:0.06, Forties:0.69, Dubai:0.17, Arab Light:0.08",42.86,29.59,12.44,15.11,61603.47,1.96,93.9
SIM_0168,2026-03-27,"WTI:0.13, Arab Light:0.40, Forties:0.19, Oman:0.29",36.09,25.95,14.64,23.32,56250.27,1.411,93.1
SIM_0169,2026-03-28,"Basra Light:0.07, Oman:0.93",38.39,33.68,19.72,8.21,64912.95,0.851,88.5
SIM_0170,2026-03-29,"Maya:0.32, Brent:0.68",42.13,31.54,12.42,13.91,79548.6,1.855,91.2
SIM_0171,2026-03-30,"Urals:0.64, Brent:0.15, Oman:0.18, Arab Light:0.03",29.81,25.18,18.33,26.67,60991.78,1.632,90.5
SIM_0172,2026-03-31,"Maya:0.57, WTI:0.30, Arab Light:0.14",26.4,28.03,19.9,25.66,72141.25,0.991,93.6
SIM_0173,2026-04-01,"Bonny Light:0.51, Basra Light:0.27, Brent:0.17, WTI:0.05",35.51,23.5,18.08,22.9,61608.83,1.751,90.1
SIM_0174,2026-04-02,"Dubai:0.21, Bonny Light:0.14, Brent:0.28, Maya:0.36",36.88,33.8,16.28,13.04,76357.42,1.38,89.6
SIM_0175,2026-04-03,"WTI:0.05, Dubai:0.59, Arab Light:0.04, Brent:0.33",37.14,27.09,12.78,22.99,62118.69,1.71,93.1
SIM_0176,2026-04-04,"Brent:0.34, Dubai:0.17, WTI:0.09, Bonny Light:0.40",43.26,26.55,13.03,17.15,58122.25,0.536,91.2
SIM_0177,2026-04-05,"Bonny Light:0.60, Brent:0.08, Urals:0.32",40.24,24.96,15.03,19.77,61529.88,0.704,89.9
SIM_0178,2026-04-06,"Oman:0.20, Basra Light:0.14, Urals:0.66",29.88,24.29,11.22,34.61,72773.57,1.393,91.9
SIM_0179,2026-04-07,"Oman:0.25, Maya:0.01, WTI:0.14, Arab Light:0.61",44.62,24.23,14.41,16.73,51889.34,1.81,91.5
SIM_0180,2026-04-08,"Bonny Light:0.78, Urals:0.22",30.28,33.11,11.14,25.46,68044.7,1.102,88.5
SIM_0181,2026-04-09,"Arab Light:0.70, Forties:0.18, Basra Light:0.00, Bonny Light:0.12",27.23,26.24,17.9,28.63,63161.35,1.148,91.5
SIM_0182,2026-04-10,"Arab Light:0.16, Urals:0.06, Dubai:0.47, Basra Light:0.30",38.0,32.7,13.13,16.17,67333.74,1.595,90.2
SIM_0183,2026-04-11,"Urals:0.29, Brent:0.09, WTI:0.62",39.19,26.33,14.26,20.22,77560.53,1.365,92.7
SIM_0184,2026-04-12,"Arab Light:0.56, Dubai:0.05, Brent:0.16, Basra Light:0.22",33.48,26.5,14.45,25.58,79664.11,0.79,93.1
SIM_0185,2026-04-13,"Basra Light:0.05, Bonny Light:0.52, Forties:0.20, Oman:0.24",36.42,27.2,13.82,22.56,59249.7,1.427,91.0
SIM_0186,2026-04-14,"Urals:0.03, Maya:0.05, WTI:0.20, Oman:0.73",42.19,34.53,16.5,6.77,70274.45,1.438,92.0
SIM_0187,2026-04-15,"Forties:0.87, Basra Light:0.13",44.59,21.78,12.59,21.04,76738.79,1.224,88.1
SIM_0188,2026-04-16,"Dubai:0.32, Urals:0.68",30.71,31.86,13.15,24.28,73623.7,1.177,87.9
SIM_0189,2026-04-17,"Forties:0.35, Arab Light:0.02, Bonny Light:0.63",30.79,26.49,14.88,27.83,51935.38,1.229,90.4
SIM_0190,2026-04-18,"Dubai:0.42, Forties:0.37, Arab Light:0.21",42.48,31.24,18.58,7.7,54854.27,1.539,94.8
SIM_0191,2026-04-19,"Urals:0.29, Arab Light:0.12, Brent:0.37, Oman:0.23",29.12,26.36,16.64,27.89,52127.4,1.0,87.1
SIM_0192,2026-04-20,"Forties:0.49, Brent:0.51",25.69,33.6,19.18,21.53,66841.71,1.223,87.4
SIM_0193,2026-04-21,"Maya:0.72, Basra Light:0.20, WTI:0.07",27.98,28.88,12.95,30.19,77165.27,1.162,89.3
SIM_0194,2026-04-22,"Brent:0.96, Maya:0.04",34.19,26.66,14.6,24.55,79396.73,0.709,92.5
SIM_0195,2026-04-23,"Bonny Light:0.49, Forties:0.51",42.22,27.36,16.82,13.61,52569.34,0.768,90.2
SIM_0196,2026-04-24,"Dubai:0.84, Arab Light:0.16",28.05,23.78,13.91,34.26,54774.77,1.697,89.9
SIM_0197,2026-04-25,"Forties:0.76, Arab Light:0.11, Maya:0.13",34.97,33.26,16.04,15.73,70810.31,1.084,87.2
SIM_0198,2026-04-26,"Brent:0.18, WTI:0.03, Oman:0.10, Basra Light:0.69",32.02,33.02,10.93,24.03,60025.52,1.026,87.4
SIM_0199,2026-04-27,"WTI:0.69, Basra Light:0.31",29.17,30.8,18.11,21.92,54158.04,1.23,89.0
SIM_0200,2026-04-28,"Basra Light:0.57, Urals:0.14, Maya:0.11, Dubai:0.17",26.48,32.23,16.47,24.82,55135.75,1.446,91.8
SIM_0201,2026-04-29,"Oman:0.44, Maya:0.56",35.87,24.12,15.23,24.77,65270.14,0.974,93.6
SIM_0202,2026-04-30,"Urals:0.23, Brent:0.77",44.62,29.4,18.82,7.17,59873.1,1.11,94.3
SIM_0203,2026-05-01,"Arab Light:0.18, Brent:0.73, Oman:0.09",31.19,27.24,15.15,26.42,50040.98,1.424,95.0
SIM_0204,2026-05-02,"WTI:0.32, Forties:0.08, Arab Light:0.60",36.11,24.05,19.37,20.46,50383.21,1.589,90.0
SIM_0205,2026-05-03,"Dubai:0.34, Oman:0.66",43.03,28.35,16.85,11.78,50329.95,1.77,93.5
SIM_0206,2026-05-04,"Bonny Light:0.91, Maya:0.09",30.58,24.42,18.66,26.34,60563.48,1.171,90.0
SIM_0207,2026-05-05,"Forties:0.13, Basra Light:0.09, Brent:0.78",27.31,32.64,19.93,20.12,60990.45,1.181,92.7
SIM_0208,2026-05-06,"Basra Light:0.99, Dubai:0.01",35.11,31.6,11.04,22.25,77083.96,0.897,88.4
SIM_0209,2026-05-07,"Basra Light:0.30, Urals:0.18, Arab Light:0.06, Bonny Light:0.47",41.27,21.89,14.95,21.89,64545.39,1.025,93.3
SIM_0210,2026-05-08,"Forties:0.42, Dubai:0.23, Brent:0.13, Urals:0.22",29.19,33.88,10.54,26.39,75962.51,1.267,92.0
SIM_0211,2026-05-09,"Forties:0.76, Oman:0.20, Maya:0.04",33.11,25.02,13.44,28.43,72813.69,1.376,87.3
SIM_0212,2026-05-10,"WTI:0.03, Bonny Light:0.03, Dubai:0.29, Arab Light:0.64",38.33,26.17,16.83,18.67,56864.35,1.997,90.4
SIM_0213,2026-05-11,"Dubai:0.04, Urals:0.02, Basra Light:0.45, Maya:0.48",42.43,27.66,16.6,13.3,66900.89,0.604,91.8
SIM_0214,2026-05-12,"Maya:0.40, Arab Light:0.19, WTI:0.41",42.43,21.03,13.68,22.86,78870.18,0.522,94.1
SIM_0215,2026-05-13,"Basra Light:0.09, Dubai:0.24, Brent:0.61, Urals:0.06",35.95,30.67,18.61,14.77,78066.97,1.677,92.2
SIM_0216,2026-05-14,"Maya:0.23, WTI:0.28, Arab Light:0.30, Brent:0.19",29.47,34.13,16.97,19.43,57105.2,0.983,94.4
SIM_0217,2026-05-15,"Dubai:0.44, Brent:0.55, Maya:0.01",27.1,25.39,11.55,35.96,52259.6,1.461,93.5
SIM_0218,2026-05-16,"WTI:0.55, Basra Light:0.07, Oman:0.20, Forties:0.18",26.43,21.31,16.6,35.67,57773.24,1.486,88.2
SIM_0219,2026-05-17,"Dubai:0.21, Basra Light:0.79",31.74,30.74,14.83,22.7,68804.11,1.257,94.7
SIM_0220,2026-05-18,"Arab Light:0.53, WTI:0.47",43.41,32.08,11.41,13.1,73079.74,1.87,87.6
SIM_0221,2026-05-19,"Forties:0.02, Dubai:0.95, Basra Light:0.02",34.11,22.26,18.24,25.39,59409.83,1.181,90.4
SIM_0222,2026-05-20,"Urals:0.21, Dubai:0.77, Maya:0.02",25.86,22.35,16.41,35.38,61969.79,1.738,87.6
SIM_0223,2026-05-21,"Brent:0.25, Forties:0.75",35.48,23.34,18.46,22.71,74547.14,1.094,91.7
SIM_0224,2026-05-22,"Maya:0.48, Arab Light:0.13, Dubai:0.35, WTI:0.04",44.85,27.21,16.39,11.56,76285.16,0.501,94.8
SIM_0225,2026-05-23,"Oman:0.26, Brent:0.20, Forties:0.28, Basra Light:0.26",44.2,28.28,18.46,9.05,59594.61,1.157,90.8
SIM_0226,2026-05-24,"Arab Light:0.29, Dubai:0.71",27.66,23.8,10.42,38.13,52178.33,0.865,87.2
SIM_0227,2026-05-25,"Oman:0.12, Arab Light:0.88",31.59,21.09,19.94,27.38,76100.68,1.199,92.3
SIM_0228,2026-05-26,"Forties:0.01, WTI:0.99",26.15,27.17,16.38,30.3,70602.78,0.588,90.3
SIM_0229,2026-05-27,"Arab Light:0.46, Forties:0.45, Brent:0.08",25.27,34.98,15.82,23.93,55430.96,0.925,91.9
SIM_0230,2026-05-28,"Urals:0.19, Arab Light:0.71, Forties:0.11",39.77,34.23,10.14,15.87,63210.92,1.472,92.6
SIM_0231,2026-05-29,"WTI:0.19, Forties:0.81",28.81,27.63,14.5,29.06,71476.23,0.576,91.0
SIM_0232,2026-05-30,"Brent:0.48, Dubai:0.52",39.0,34.95,10.34,15.71,51956.98,0.617,92.9
SIM_0233,2026-05-31,"Dubai:0.52, Basra Light:0.39, WTI:0.05, Maya:0.04",31.95,26.18,19.32,22.54,59048.62,1.801,91.0
SIM_0234,2026-06-01,"Arab Light:0.29, Maya:0.14, Urals:0.57",25.23,24.51,19.34,30.92,59315.89,1.041,90.8
SIM_0235,2026-06-02,"Arab Light:0.09, Brent:0.02, Basra Light:0.89",42.26,28.77,12.13,16.84,52715.6,1.549,92.8
SIM_0236,2026-06-03,"WTI:0.02, Forties:0.15, Basra Light:0.53, Dubai:0.30",42.43,24.53,17.51,15.53,75533.1,1.517,89.0
SIM_0237,2026-06-04,"Bonny Light:0.46, Basra Light:0.54",39.51,23.03,16.9,20.56,50321.68,0.958,90.2
SIM_0238,2026-06-05,"Oman:0.93, Urals:0.07",28.7,22.45,17.89,30.96,50180.66,0.691,91.3
SIM_0239,2026-06-06,"Oman:0.04, Arab Light:0.77, Maya:0.19",37.58,29.63,15.05,17.74,54260.66,1.628,91.7
SIM_0240,2026-06-07,"Basra Light:0.41, Bonny Light:0.47, Oman:0.12",29.17,24.14,17.12,29.57,68187.98,1.769,89.4
SIM_0241,2026-06-08,"Brent:0.20, Urals:0.44, Basra Light:0.36",31.39,31.24,17.15,20.22,58420.89,0.985,89.3
SIM_0242,2026-06-09,"Dubai:0.39, Bonny Light:0.61",34.74,32.07,17.06,16.13,73869.06,1.65,88.6
SIM_0243,2026-06-10,"Arab Light:0.22, Brent:0.14, WTI:0.64",43.06,27.68,19.06,10.2,62129.14,0.846,88.9
SIM_0244,2026-06-11,"Oman:0.60, Dubai:0.40",40.85,24.98,13.45,20.71,63590.2,1.853,92.5
SIM_0245,2026-06-12,"Urals:0.34, Dubai:0.43, WTI:0.23",39.73,26.1,10.63,23.54,76248.5,1.337,89.6
SIM_0246,2026-06-13,"Urals:0.50, Dubai:0.38, Arab Light:0.12",35.57,32.6,10.68,21.14,52348.92,1.334,92.1
SIM_0247,2026-06-14,"Bonny Light:0.63, Basra Light:0.37",42.22,30.77,12.82,14.19,67232.83,0.52,90.8
SIM_0248,2026-06-15,"Arab Light:0.64, Bonny Light:0.01, Oman:0.26, Dubai:0.10",33.64,33.1,19.8,13.47,57394.76,1.922,92.5
SIM_0249,2026-06-16,"Maya:0.25, Arab Light:0.75",41.06,31.39,17.27,10.29,61257.95,0.709,88.7
SIM_0250,2026-06-17,"Basra Light:0.05, Oman:0.95",28.83,32.93,11.15,27.09,76090.19,1.399,93.8
SIM_0251,2026-06-18,"Urals:0.18, WTI:0.48, Arab Light:0.33",44.25,23.47,13.67,18.6,65215.76,0.849,90.2
SIM_0252,2026-06-19,"Forties:0.24, Urals:0.69, Brent:0.07",43.47,24.42,18.86,13.25,64928.6,1.775,89.0
SIM_0253,2026-06-20,"Bonny Light:0.81, Forties:0.19",35.14,24.77,12.57,27.52,50629.55,0.909,90.6
SIM_0254,2026-06-21,"Forties:0.22, Arab Light:0.78",39.71,30.33,17.55,12.41,59675.19,1.594,88.9
SIM_0255,2026-06-22,"Brent:0.08, Bonny Light:0.43, Oman:0.40, Maya:0.10",41.0,25.5,17.62,15.89,55761.88,0.973,87.8
SIM_0256,2026-06-23,"Brent:0.01, Maya:0.99",28.97,21.65,15.77,33.6,52399.58,1.404,93.8
SIM_0257,2026-06-24,"Forties:0.28, Dubai:0.38, Basra Light:0.13, Arab Light:0.21",36.7,34.83,15.88,12.6,56725.6,1.382,93.6
SIM_0258,2026-06-25,"Forties:0.34, Basra Light:0.18, Bonny Light:0.35, Maya:0.12",33.81,24.21,11.23,30.75,59655.86,1.778,90.0
SIM_0259,2026-06-26,"Brent:0.60, Basra Light:0.18, Urals:0.22",39.17,21.54,14.47,24.81,78252.04,1.095,90.5
SIM_0260,2026-06-27,"Urals:0.06, Dubai:0.01, Oman:0.45, Brent:0.47",36.67,22.75,16.03,24.54,51695.33,1.414,91.4
SIM_0261,2026-06-28,"Forties:0.56, Bonny Light:0.21, Urals:0.23",36.24,33.87,17.45,12.43,61712.45,1.006,91.2
SIM_0262,2026-06-29,"Oman:0.01, Arab Light:0.99",43.24,20.92,15.22,20.62,54577.23,1.638,92.3
SIM_0263,2026-06-30,"Bonny Light:0.65, Oman:0.35",33.49,28.76,16.2,21.55,69201.04,1.951,88.4
SIM_0264,2026-07-01,"Dubai:0.39, Basra Light:0.01, Bonny Light:0.61",39.42,21.24,16.71,22.64,69407.8,0.828,93.1
SIM_0265,2026-07-02,"Maya:0.23, Urals:0.01, Bonny Light:0.30, Forties:0.46",38.53,23.19,13.6,24.67,64317.2,1.407,92.3
SIM_0266,2026-07-03,"Bonny Light:0.25, Brent:0.75",34.59,24.33,15.1,25.98,55038.87,1.459,87.9
SIM_0267,2026-07-04,"Brent:0.17, Dubai:0.83",32.61,31.33,10.18,25.87,54068.63,1.047,87.9
SIM_0268,2026-07-05,"Dubai:0.50, Brent:0.38, WTI:0.12",41.91,20.7,17.82,19.56,56202.98,0.929,90.9
SIM_0269,2026-07-06,"Brent:0.11, Arab Light:0.15, WTI:0.22, Basra Light:0.52",39.15,20.68,18.39,21.78,79680.65,1.209,94.8
SIM_0270,2026-07-07,"Dubai:0.11, Urals:0.43, Forties:0.36, Brent:0.10",25.44,29.54,17.41,27.6,58827.31,1.215,94.9
SIM_0271,2026-07-08,"Basra Light:0.96, Bonny Light:0.04",32.3,34.33,13.92,19.45,65786.26,1.033,91.8
SIM_0272,2026-07-09,"Dubai:0.70, Basra Light:0.20, Urals:0.10",25.24,27.81,19.84,27.11,65691.83,0.774,87.2
SIM_0273,2026-07-10,"Bonny Light:0.22, Basra Light:0.24, Forties:0.21, WTI:0.33",33.38,30.04,11.22,25.37,57970.86,1.754,94.2
SIM_0274,2026-07-11,"Arab Light:0.47, Bonny Light:0.53",42.74,22.42,11.04,23.81,50081.86,0.971,88.2
SIM_0275,2026-07-12,"Forties:0.01, Maya:0.09, Arab Light:0.63, WTI:0.28",25.05,31.93,13.54,29.48,51909.54,0.944,89.6
SIM_0276,2026-07-13,"Dubai:0.04, Brent:0.04, Basra Light:0.77, Urals:0.15",44.5,30.4,14.06,11.04,61692.33,1.233,90.3
SIM_0277,2026-07-14,"Basra Light:0.94, WTI:0.06",25.58,29.19,13.03,32.19,72276.11,1.844,88.1
SIM_0278,2026-07-15,"Forties:0.72, Bonny Light:0.12, Dubai:0.16",32.3,26.13,12.59,28.98,70958.14,1.637,93.6
SIM_0279,2026-07-16,"Dubai:0.18, Basra Light:0.56, Brent:0.22, Bonny Light:0.03",33.73,29.82,17.0,19.45,75892.22,0.771,94.6
SIM_0280,2026-07-17,"Arab Light:0.11, Dubai:0.09, Forties:0.80",29.31,32.9,14.46,23.33,70865.31,1.479,89.6
SIM_0281,2026-07-18,"Brent:0.68, Arab Light:0.32",39.63,33.91,17.5,8.96,63258.96,0.726,93.5
SIM_0282,2026-07-19,"Maya:0.15, Arab Light:0.07, Oman:0.29, Urals:0.49",25.01,30.32,17.67,27.01,56297.82,1.234,87.7
SIM_0283,2026-07-20,"Forties:0.85, Arab Light:0.15",27.76,25.59,19.25,27.41,61370.91,0.591,90.3
SIM_0284,2026-07-21,"Bonny Light:0.22, Dubai:0.78",26.5,26.43,12.39,34.68,68912.79,1.71,94.7
SIM_0285,2026-07-22,"Bonny Light:0.39, Urals:0.49, Basra Light:0.12",42.74,23.01,12.46,21.79,78586.63,0.703,88.5
SIM_0286,2026-07-23,"Brent:0.06, Maya:0.14, Basra Light:0.46, Forties:0.34",40.38,24.14,12.42,23.06,75156.12,0.772,91.8
SIM_0287,2026-07-24,"Forties:0.39, Arab Light:0.61",34.05,27.5,19.61,18.83,63753.53,1.255,89.7
SIM_0288,2026-07-25,"Maya:0.26, Dubai:0.11, Forties:0.12, Brent:0.52",30.69,31.42,15.75,22.14,71023.95,1.127,89.2
SIM_0289,2026-07-26,"Basra Light:0.12, Dubai:0.45, Brent:0.30, Urals:0.13",35.44,22.42,13.84,28.3,67553.67,1.588,92.1
SIM_0290,2026-07-27,"Arab Light:0.25, Forties:0.10, Dubai:0.54, Maya:0.11",31.81,22.85,17.19,28.15,63761.72,1.165,91.8
SIM_0291,2026-07-28,"Dubai:0.32, Bonny Light:0.68",26.61,29.65,19.22,24.52,58998.9,1.369,94.5
SIM_0292,2026-07-29,"Oman:0.02, Bonny Light:0.49, Arab Light:0.10, WTI:0.39",28.24,24.93,18.19,28.64,54820.98,1.21,94.4
SIM_0293,2026-07-30,"Urals:0.29, Bonny Light:0.36, Brent:0.30, Dubai:0.05",36.18,25.78,14.6,23.45,54618.69,0.974,93.9
SIM_0294,2026-07-31,"Dubai:0.55, Maya:0.03, Forties:0.08, Oman:0.34",43.29,27.43,11.35,17.93,74448.74,1.378,93.2
SIM_0295,2026-08-01,"Arab Light:0.39, Brent:0.39, Oman:0.22",27.64,34.17,11.32,26.87,60523.18,0.957,93.9
SIM_0296,2026-08-02,"Maya:0.31, WTI:0.62, Arab Light:0.07",30.82,29.02,17.75,22.41,63662.08,1.445,92.7
SIM_0297,2026-08-03,"Brent:0.36, Bonny Light:0.64",32.92,21.89,14.89,30.3,65657.48,0.803,94.5
SIM_0298,2026-08-04,"Maya:0.02, WTI:0.98",34.92,30.58,14.85,19.65,54911.48,1.895,89.6
SIM_0299,2026-08-05,"Forties:0.10, Urals:0.90",26.31,31.91,14.36,27.43,55336.7,0.619,90.1
SIM_0300,2026-08-06,"Maya:0.68, Brent:0.32, Urals:0.01",35.38,31.44,10.56,22.62,62678.24,1.177,94.6
SIM_0301,2026-08-07,"WTI:0.67, Maya:0.01, Brent:0.31",39.53,34.21,12.53,13.73,72265.37,0.582,92.0
SIM_0302,2026-08-08,"Arab Light:0.40, WTI:0.03, Forties:0.18, Bonny Light:0.39",43.24,31.9,11.76,13.1,74522.94,0.915,94.4
SIM_0303,2026-08-09,"Bonny Light:0.49, WTI:0.23, Brent:0.28",31.37,34.99,15.8,17.84,52761.66,1.279,87.4
SIM_0304,2026-08-10,"Basra Light:0.31, Maya:0.05, Brent:0.25, Dubai:0.39",38.25,24.92,19.23,17.6,76505.6,1.574,89.9
SIM_0305,2026-08-11,"Dubai:0.69, Brent:0.31",31.24,32.84,15.68,20.25,74397.65,1.232,93.0
SIM_0306,2026-08-12,"Urals:0.06, Forties:0.50, Brent:0.44",29.08,32.7,12.81,25.41,73789.57,1.233,92.9
SIM_0307,2026-08-13,"Brent:0.64, Dubai:0.00, Oman:0.35",33.74,32.14,13.05,21.07,59936.8,0.606,89.3
SIM_0308,2026-08-14,"Brent:0.65, Forties:0.01, Arab Light:0.14, Dubai:0.20",43.22,27.52,12.7,16.56,61701.41,1.155,92.4
SIM_0309,2026-08-15,"Forties:0.02, Bonny Light:0.91, Basra Light:0.07",28.17,32.61,18.69,20.53,52789.2,1.863,89.2
SIM_0310,2026-08-16,"WTI:0.16, Oman:0.14, Forties:0.70",28.7,22.37,17.13,31.8,52236.56,1.224,90.9
SIM_0311,2026-08-17,"Arab Light:0.53, Oman:0.47",26.23,23.71,18.76,31.31,76969.73,1.187,90.5
SIM_0312,2026-08-18,"Forties:0.91, Oman:0.09",40.95,23.13,14.92,21.0,75694.47,0.79,88.9
SIM_0313,2026-08-19,"Arab Light:0.83, Brent:0.17",27.56,23.36,17.36,31.72,70322.77,1.951,87.1
SIM_0314,2026-08-20,"Bonny Light:0.83, WTI:0.17",36.35,27.73,10.24,25.68,78189.18,1.466,87.7
SIM_0315,2026-08-21,"WTI:0.67, Urals:0.02, Oman:0.31",26.06,33.5,17.25,23.18,79883.46,0.953,94.0
SIM_0316,2026-08-22,"Forties:0.40, Brent:0.15, Dubai:0.45",29.36,31.58,12.28,26.78,76711.76,1.792,89.9
SIM_0317,2026-08-23,"Brent:0.27, Urals:0.00, Dubai:0.05, Maya:0.68",38.27,24.58,10.45,26.69,67581.46,0.834,94.7
SIM_0318,2026-08-24,"Maya:0.64, Basra Light:0.33, Brent:0.02",34.41,21.96,17.15,26.48,70418.87,1.989,92.0
SIM_0319,2026-08-25,"WTI:0.14, Arab Light:0.32, Forties:0.53",44.51,34.29,13.25,7.95,62650.81,0.664,89.0
SIM_0320,2026-08-26,"Forties:0.78, Basra Light:0.22",31.41,22.91,16.22,29.47,60705.65,0.943,93.1
SIM_0321,2026-08-27,"Maya:0.36, Basra Light:0.02, Arab Light:0.28, Oman:0.33",38.08,31.41,11.78,18.73,67613.1,1.912,91.9
SIM_0322,2026-08-28,"Basra Light:0.89, Forties:0.11",34.12,32.79,18.24,14.86,76757.82,1.911,90.6
SIM_0323,2026-08-29,"Forties:0.47, Oman:0.30, Basra Light:0.11, Maya:0.12",30.62,26.94,19.47,22.97,71808.23,0.518,87.9
SIM_0324,2026-08-30,"Brent:0.05, WTI:0.80, Dubai:0.15",38.25,24.18,13.22,24.35,60063.86,1.548,90.8
SIM_0325,2026-08-31,"Dubai:0.10, Maya:0.05, Arab Light:0.72, Basra Light:0.13",44.92,27.35,12.2,15.53,65223.57,0.559,94.2
SIM_0326,2026-09-01,"Bonny Light:0.07, Dubai:0.29, Maya:0.14, Forties:0.51",36.77,23.07,15.04,25.13,71333.33,1.662,87.0
SIM_0327,2026-09-02,"Forties:0.91, Arab Light:0.09",26.9,21.04,15.05,37.01,69251.34,0.991,92.5
SIM_0328,2026-09-03,"Bonny Light:0.60, Maya:0.00, Brent:0.37, Urals:0.03",38.85,24.39,15.22,21.54,65312.56,1.042,92.7
SIM_0329,2026-09-04,"Arab Light:0.58, Oman:0.40, Dubai:0.02",29.18,24.68,11.16,34.97,63706.97,1.976,91.1
SIM_0330,2026-09-05,"Dubai:0.35, WTI:0.00, Forties:0.32, Arab Light:0.32",34.94,20.69,15.8,28.57,72972.4,0.906,92.3
SIM_0331,2026-09-06,"Brent:0.79, Basra Light:0.21",28.94,22.4,14.73,33.93,72880.17,1.996,93.3
SIM_0332,2026-09-07,"Arab Light:0.20, Forties:0.39, Basra Light:0.41",36.74,27.94,11.17,24.14,56553.68,1.7,91.0
SIM_0333,2026-09-08,"Dubai:0.16, Forties:0.29, Urals:0.29, Oman:0.26",31.77,30.6,18.26,19.36,60388.23,0.628,89.4
SIM_0334,2026-09-09,"Forties:0.53, Brent:0.37, Urals:0.10",40.91,34.96,19.69,4.43,73325.89,1.127,89.7
SIM_0335,2026-09-10,"Forties:0.25, Dubai:0.42, Bonny Light:0.32",40.95,34.8,16.97,7.27,72531.61,1.974,87.1
SIM_0336,2026-09-11,"Basra Light:0.01, Oman:0.40, Dubai:0.29, Maya:0.30",33.01,33.77,13.59,19.63,75686.81,1.854,91.0
SIM_0337,2026-09-12,"WTI:0.21, Basra Light:0.26, Arab Light:0.53",33.67,24.86,17.44,24.03,56089.14,0.803,92.6
SIM_0338,2026-09-13,"Basra Light:0.00, Maya:0.69, Brent:0.31",38.7,33.72,15.41,12.16,65095.82,0.936,89.4
SIM_0339,2026-09-14,"Brent:0.27, Forties:0.42, Maya:0.02, WTI:0.29",36.28,20.25,17.89,25.57,58862.69,1.179,91.3
SIM_0340,2026-09-15,"Oman:0.75, Brent:0.25",27.08,22.68,18.24,32.01,53123.74,1.2,88.6
SIM_0341,2026-09-16,"Oman:0.47, Basra Light:0.10, Arab Light:0.39, Bonny Light:0.04",36.61,25.1,11.04,27.25,55509.32,1.019,93.5
SIM_0342,2026-09-17,"Oman:0.91, Maya:0.09",38.03,34.83,16.34,10.8,60832.29,1.502,91.6
SIM_0343,2026-09-18,"Oman:0.23, Bonny Light:0.70, Dubai:0.07",28.05,33.04,19.42,19.49,64638.63,0.673,90.9
SIM_0344,2026-09-19,"Oman:0.50, WTI:0.10, Dubai:0.40",30.9,20.13,16.33,32.63,53398.07,1.489,94.4
SIM_0345,2026-09-20,"Urals:0.03, Brent:0.21, Basra Light:0.16, Dubai:0.60",33.21,30.27,16.02,20.5,79269.16,1.907,90.4
SIM_0346,2026-09-21,"Forties:0.40, Urals:0.13, Arab Light:0.48",38.26,27.46,16.66,17.62,51993.25,1.814,94.5
SIM_0347,2026-09-22,"Basra Light:0.12, Maya:0.11, WTI:0.78",31.18,25.08,11.97,31.78,78839.74,0.867,89.0
SIM_0348,2026-09-23,"Brent:0.57, Basra Light:0.15, Oman:0.27, WTI:0.01",27.13,32.22,16.24,24.42,55729.46,1.107,91.3
SIM_0349,2026-09-24,"Brent:0.21, Dubai:0.79",40.27,30.95,18.2,10.59,77111.9,0.648,87.8
SIM_0350,2026-09-25,"Maya:0.39, Arab Light:0.52, Basra Light:0.09",29.29,33.72,17.64,19.34,53401.42,0.818,92.0
SIM_0351,2026-09-26,"Basra Light:0.34, WTI:0.57, Arab Light:0.09",30.76,31.86,11.59,25.78,57561.41,1.677,90.5
SIM_0352,2026-09-27,"WTI:0.04, Forties:0.28, Bonny Light:0.57, Brent:0.11",36.45,30.63,17.72,15.21,72170.38,0.623,89.5
SIM_0353,2026-09-28,"Brent:0.40, Forties:0.60",35.8,24.85,14.79,24.57,65368.06,1.101,94.4
SIM_0354,2026-09-29,"Oman:0.58, WTI:0.16, Urals:0.26",29.61,26.05,18.71,25.63,50875.93,1.299,94.0
SIM_0355,2026-09-30,"Basra Light:0.26, Forties:0.48, WTI:0.26",36.86,31.41,16.07,15.66,68468.45,1.684,94.6
SIM_0356,2026-10-01,"WTI:0.27, Dubai:0.49, Oman:0.01, Urals:0.23",43.03,23.36,10.32,23.29,63002.26,1.557,90.6
SIM_0357,2026-10-02,"Forties:0.38, Urals:0.34, Maya:0.28",32.18,21.83,12.17,33.82,75945.01,1.786,94.6
SIM_0358,2026-10-03,"WTI:0.46, Basra Light:0.54",25.24,25.25,10.92,38.59,59644.66,1.442,94.2
SIM_0359,2026-10-04,"Maya:0.14, Basra Light:0.64, WTI:0.08, Bonny Light:0.14",35.1,33.39,18.69,12.82,67230.65,0.833,90.2
SIM_0360,2026-10-05,"Dubai:0.12, Brent:0.87, WTI:0.01",40.35,27.25,19.44,12.96,61804.12,1.562,87.6
SIM_0361,2026-10-06,"WTI:0.35, Forties:0.53, Basra Light:0.11",39.82,31.68,18.31,10.2,59386.49,1.522,89.4
SIM_0362,2026-10-07,"Arab Light:0.46, WTI:0.27, Bonny Light:0.27",31.84,21.6,17.61,28.94,77542.84,0.827,94.4
SIM_0363,2026-10-08,"Maya:0.74, Urals:0.08, Dubai:0.18",27.85,20.03,11.53,40.59,67318.36,1.729,88.5
SIM_0364,2026-10-09,"Dubai:0.00, Urals:0.52, Bonny Light:0.27, Oman:0.21",26.88,23.31,12.24,37.57,78061.08,1.149,87.3
SIM_0365,2026-10-10,"Urals:0.45, Oman:0.55",42.36,28.58,14.2,14.85,51739.77,1.921,94.6
SIM_0366,2026-10-11,"Arab Light:0.97, Basra Light:0.03",43.05,26.68,10.74,19.53,76385.65,0.878,87.2
SIM_0367,2026-10-12,"Bonny Light:0.22, Dubai:0.78",30.92,28.41,17.43,23.23,67877.44,1.931,91.8
SIM_0368,2026-10-13,"Bonny Light:0.07, Urals:0.10, Dubai:0.83",29.81,33.52,15.81,20.86,53698.89,1.201,94.6
SIM_0369,2026-10-14,"Maya:0.37, Brent:0.20, Dubai:0.30, Urals:0.12",25.22,24.97,16.08,33.73,56771.09,1.532,93.4
SIM_0370,2026-10-15,"Forties:0.35, Bonny Light:0.65",29.21,31.08,15.48,24.23,52880.52,1.336,87.5
SIM_0371,2026-10-16,"Basra Light:0.11, Maya:0.89",38.2,29.46,14.18,18.15,61888.42,1.535,92.9
SIM_0372,2026-10-17,"Bonny Light:0.34, WTI:0.27, Basra Light:0.39",39.54,31.62,16.49,12.34,55968.22,1.096,87.6
SIM_0373,2026-10-18,"Forties:0.04, Basra Light:0.95, Oman:0.00",25.03,32.4,19.97,22.6,71813.08,0.523,88.8
SIM_0374,2026-10-19,"Brent:0.88, Maya:0.12",41.84,21.82,14.83,21.5,61489.05,1.268,94.1
SIM_0375,2026-10-20,"WTI:0.35, Arab Light:0.04, Brent:0.62",44.33,30.69,14.19,10.79,78452.01,1.953,94.5
SIM_0376,2026-10-21,"Arab Light:0.24, Urals:0.40, Dubai:0.35",28.09,27.32,14.78,29.8,76962.11,0.503,92.9
SIM_0377,2026-10-22,"Forties:0.41, Maya:0.02, Basra Light:0.05, Bonny Light:0.52",31.7,30.59,17.0,20.72,79811.02,1.205,92.9
SIM_0378,2026-10-23,"Forties:0.03, Arab Light:0.07, Basra Light:0.69, Oman:0.21",40.17,20.97,14.17,24.7,70227.21,0.7,89.6
SIM_0379,2026-10-24,"Urals:0.40, Forties:0.41, Maya:0.18",35.37,26.09,18.18,20.36,55462.03,0.584,94.6
SIM_0380,2026-10-25,"Maya:0.04, Urals:0.22, Forties:0.73, Oman:0.01",30.35,21.99,15.33,32.33,70389.27,0.587,87.6
SIM_0381,2026-10-26,"Maya:0.16, Dubai:0.41, Forties:0.43",42.32,24.56,17.98,15.14,79130.22,1.761,94.3
SIM_0382,2026-10-27,"Forties:0.19, Maya:0.28, Brent:0.06, Basra Light:0.46",29.31,30.72,15.34,24.63,74507.02,1.215,93.3
SIM_0383,2026-10-28,"Urals:0.60, Dubai:0.19, Brent:0.13, WTI:0.07",25.89,25.54,14.99,33.59,56343.79,0.76,91.1
SIM_0384,2026-10-29,"Maya:0.11, Forties:0.12, Arab Light:0.77",36.76,26.39,13.26,23.59,69229.82,0.503,94.7
SIM_0385,2026-10-30,"Bonny Light:1.00, Brent:0.00",37.79,33.05,16.72,12.44,60882.01,1.937,94.1
SIM_0386,2026-10-31,"Urals:0.44, Bonny Light:0.56",28.3,23.14,16.57,32.0,65323.45,0.847,90.2
SIM_0387,2026-11-01,"Arab Light:0.48, WTI:0.25, Maya:0.12, Brent:0.16",31.35,28.73,19.38,20.54,58534.9,1.188,92.2
SIM_0388,2026-11-02,"Basra Light:0.63, Oman:0.17, Forties:0.07, Urals:0.12",26.75,27.43,19.31,26.51,76898.03,1.006,91.3
SIM_0389,2026-11-03,"Brent:0.60, Urals:0.22, WTI:0.18",42.2,34.17,10.8,12.83,72946.48,1.18,90.1
SIM_0390,2026-11-04,"Forties:0.77, Bonny Light:0.23",28.89,23.46,18.91,28.74,56141.61,1.819,90.6
SIM_0391,2026-11-05,"Basra Light:0.34, Urals:0.03, Maya:0.63",43.66,34.36,15.97,6.01,50596.61,0.659,93.7
SIM_0392,2026-11-06,"Oman:0.12, Brent:0.88",44.07,22.43,17.44,16.06,59623.57,1.726,92.6
SIM_0393,2026-11-07,"Brent:0.28, Oman:0.03, Forties:0.55, Maya:0.14",43.39,30.61,11.21,14.79,67375.9,1.865,93.4
SIM_0394,2026-11-08,"Forties:0.36, Basra Light:0.22, Maya:0.42",42.46,20.64,19.78,17.13,79799.22,1.397,89.7
SIM_0395,2026-11-09,"Arab Light:0.68, WTI:0.32",35.9,34.61,16.95,12.55,64752.41,1.665,92.9
SIM_0396,2026-11-10,"Bonny Light:0.05, Urals:0.42, Forties:0.53",27.91,34.62,10.86,26.62,56557.03,1.166,94.9
SIM_0397,2026-11-11,"Urals:0.59, WTI:0.11, Arab Light:0.30",31.16,20.06,13.54,35.24,53484.57,1.145,88.6
SIM_0398,2026-11-12,"Maya:0.02, Urals:0.20, Basra Light:0.36, Brent:0.42",38.41,26.16,14.78,20.65,69708.97,1.735,90.0
SIM_0399,2026-11-13,"Basra Light:0.75, Arab Light:0.25",39.17,27.55,15.72,17.55,64171.77,1.224,91.6
SIM_0400,2026-11-14,"WTI:0.05, Dubai:0.13, Oman:0.13, Forties:0.69",26.24,20.76,16.94,36.06,66701.59,1.127,91.6
SIM_0401,2026-11-15,"Bonny Light:0.31, Forties:0.19, Arab Light:0.23, Basra Light:0.28",39.67,26.78,11.59,21.96,59291.92,0.811,89.9
SIM_0402,2026-11-16,"Maya:0.29, Bonny Light:0.71",31.65,30.89,15.8,21.66,54371.2,0.965,88.8
SIM_0403,2026-11-17,"Brent:0.25, Maya:0.35, WTI:0.10, Arab Light:0.30",42.67,31.5,10.34,15.48,74821.07,1.662,92.4
SIM_0404,2026-11-18,"Brent:0.07, WTI:0.09, Forties:0.21, Arab Light:0.62",28.24,20.94,11.95,38.87,72048.82,0.792,91.7
SIM_0405,2026-11-19,"Oman:0.36, Dubai:0.21, Urals:0.43",28.59,23.2,10.17,38.04,71741.05,1.466,88.4
SIM_0406,2026-11-20,"Urals:0.47, Basra Light:0.39, Maya:0.14",39.49,28.53,13.41,18.57,71776.23,1.525,92.0
SIM_0407,2026-11-21,"Brent:0.76, Maya:0.24",37.0,25.64,18.15,19.2,62923.56,1.503,89.5
SIM_0408,2026-11-22,"Bonny Light:0.30, Basra Light:0.67, Dubai:0.03",26.23,24.66,11.37,37.74,65776.06,1.278,91.6
SIM_0409,2026-11-23,"Dubai:0.48, Bonny Light:0.49, Brent:0.04",29.8,32.48,14.63,23.09,63038.3,1.548,92.7
SIM_0410,2026-11-24,"Oman:0.10, Maya:0.90",36.47,26.14,12.82,24.57,58255.67,1.697,94.8
SIM_0411,2026-11-25,"Brent:0.25, Oman:0.57, Bonny Light:0.10, Forties:0.08",33.92,26.42,16.26,23.41,72024.42,1.677,92.2
SIM_0412,2026-11-26,"Arab Light:0.04, Brent:0.96",29.29,34.84,15.34,20.53,58669.31,1.487,89.2
SIM_0413,2026-11-27,"Urals:0.74, Forties:0.21, WTI:0.05, Basra Light:0.00",33.77,20.6,16.1,29.54,68252.27,1.848,88.5
SIM_0414,2026-11-28,"Oman:0.39, Brent:0.61",27.38,31.41,16.55,24.67,56968.8,1.961,91.6
SIM_0415,2026-11-29,"Oman:0.26, Brent:0.73, Maya:0.01",36.64,33.21,12.18,17.97,55497.68,1.658,89.0
SIM_0416,2026-11-30,"Arab Light:0.03, Bonny Light:0.06, Forties:0.90",44.15,22.66,11.45,21.74,62632.55,0.575,92.2
SIM_0417,2026-12-01,"Bonny Light:0.03, Basra Light:0.91, Arab Light:0.05",26.69,30.36,16.1,26.85,79994.66,1.703,90.4
SIM_0418,2026-12-02,"Bonny Light:0.13, Maya:0.69, Brent:0.18",30.73,32.09,10.32,26.86,67818.75,1.81,90.3
SIM_0419,2026-12-03,"Urals:0.02, Forties:0.38, Bonny Light:0.15, WTI:0.45",37.99,28.72,19.01,14.27,50639.66,0.733,92.0
SIM_0420,2026-12-04,"Basra Light:0.10, Brent:0.47, Arab Light:0.43",31.73,20.0,18.91,29.36,73331.2,1.479,88.0
SIM_0421,2026-12-05,"Maya:0.31, Bonny Light:0.14, Arab Light:0.16, Basra Light:0.39",31.41,28.39,12.79,27.41,54983.76,1.182,88.7
SIM_0422,2026-12-06,"Arab Light:0.13, WTI:0.73, Basra Light:0.15",41.43,22.96,10.48,25.13,73450.34,1.313,91.0
SIM_0423,2026-12-07,"WTI:0.05, Dubai:0.71, Oman:0.07, Arab Light:0.17",36.42,28.89,17.75,16.94,68459.34,1.39,94.3
SIM_0424,2026-12-08,"Bonny Light:0.12, Oman:0.10, Brent:0.78",29.86,22.49,15.93,31.72,72839.3,0.998,91.6
SIM_0425,2026-12-09,"Dubai:0.02, Bonny Light:0.88, Forties:0.10",42.9,31.84,19.72,5.53,68251.49,1.283,91.2
SIM_0426,2026-12-10,"WTI:0.46, Basra Light:0.54",44.29,32.46,11.67,11.58,73954.68,0.767,87.6
SIM_0427,2026-12-11,"Dubai:0.12, Arab Light:0.02, Bonny Light:0.73, Maya:0.13",38.31,27.97,10.55,23.18,78582.4,1.689,88.2
SIM_0428,2026-12-12,"WTI:0.21, Bonny Light:0.22, Maya:0.57",39.5,23.74,18.88,17.87,67197.28,1.41,88.4
SIM_0429,2026-12-13,"Arab Light:0.34, WTI:0.09, Forties:0.57",38.68,24.3,10.27,26.74,55995.42,1.1,88.3
SIM_0430,2026-12-14,"WTI:0.34, Arab Light:0.36, Basra Light:0.30",29.66,25.8,15.28,29.26,65840.82,1.643,89.9
SIM_0431,2026-12-15,"WTI:0.92, Urals:0.08",44.0,21.6,15.63,18.76,59902.12,1.145,91.9
SIM_0432,2026-12-16,"Oman:0.96, Maya:0.04",28.28,34.11,15.78,21.83,74167.77,1.23,93.7
SIM_0433,2026-12-17,"Basra Light:0.04, Urals:0.96",31.01,26.14,15.64,27.21,61201.58,1.663,94.1
SIM_0434,2026-12-18,"Bonny Light:0.87, WTI:0.13",28.12,34.73,13.17,23.98,67533.09,0.908,93.9
SIM_0435,2026-12-19,"Maya:0.63, Bonny Light:0.37",35.66,31.25,15.7,17.39,67849.86,0.652,87.0
SIM_0436,2026-12-20,"WTI:0.16, Dubai:0.55, Urals:0.22, Forties:0.06",43.78,20.54,19.79,15.89,51759.22,1.631,87.4
SIM_0437,2026-12-21,"Bonny Light:0.94, Basra Light:0.06",38.5,28.65,11.73,21.12,51980.19,1.699,88.3
SIM_0438,2026-12-22,"Oman:0.34, Maya:0.38, Arab Light:0.28",25.64,28.85,13.47,32.04,55885.78,1.542,89.1
SIM_0439,2026-12-23,"Dubai:0.32, Arab Light:0.23, Basra Light:0.45",31.52,21.58,14.3,32.6,73574.4,1.176,89.1
SIM_0440,2026-12-24,"Basra Light:0.45, Maya:0.40, Dubai:0.04, Arab Light:0.12",25.11,22.06,14.39,38.43,54396.1,1.852,93.4
SIM_0441,2026-12-25,"Urals:0.63, Maya:0.09, Oman:0.05, Forties:0.24",30.99,32.1,15.34,21.58,73817.82,0.914,91.1
SIM_0442,2026-12-26,"Urals:0.27, Basra Light:0.08, Maya:0.06, Oman:0.59",39.5,23.2,16.15,21.15,63426.39,0.738,91.3
SIM_0443,2026-12-27,"Forties:0.33, Bonny Light:0.67",37.93,33.55,19.11,9.41,52763.07,1.047,93.3
SIM_0444,2026-12-28,"Urals:0.38, Bonny Light:0.60, WTI:0.02",37.55,25.93,10.1,26.42,70216.68,1.569,92.0
SIM_0445,2026-12-29,"Arab Light:0.21, Urals:0.08, Dubai:0.37, Oman:0.33",28.5,33.56,14.41,23.52,71712.49,1.721,91.0
SIM_0446,2026-12-30,"Bonny Light:0.87, Maya:0.13",44.41,28.96,10.07,16.56,51023.9,0.721,88.5
SIM_0447,2026-12-31,"Brent:0.42, Urals:0.21, Arab Light:0.37",44.13,21.88,10.97,23.02,74102.23,1.799,91.7
SIM_0448,2027-01-01,"Bonny Light:0.33, Basra Light:0.19, Forties:0.30, Dubai:0.17",32.1,32.18,19.23,16.5,78411.07,1.525,88.7
SIM_0449,2027-01-02,"Basra Light:0.08, Arab Light:0.69, Forties:0.23",32.11,22.47,14.73,30.69,71903.4,1.435,92.8
SIM_0450,2027-01-03,"Arab Light:0.10, Oman:0.90",33.72,22.66,17.59,26.03,77455.11,1.9,91.8
SIM_0451,2027-01-04,"Maya:0.73, Dubai:0.02, WTI:0.25",27.72,29.93,17.92,24.42,69258.78,1.692,91.9
SIM_0452,2027-01-05,"Maya:0.52, Oman:0.48",34.41,28.4,19.92,17.27,72687.02,0.554,92.7
SIM_0453,2027-01-06,"Forties:0.65, Brent:0.04, WTI:0.06, Dubai:0.25",32.42,26.93,13.39,27.26,51013.64,0.736,87.9
SIM_0454,2027-01-07,"Urals:0.40, Maya:0.18, Arab Light:0.43",35.29,33.64,12.55,18.52,68500.1,1.255,94.3
SIM_0455,2027-01-08,"Bonny Light:0.78, Urals:0.22",30.98,24.64,10.98,33.4,51607.97,1.371,93.5
SIM_0456,2027-01-09,"Bonny Light:0.19, Oman:0.81",39.33,21.51,16.25,22.91,53390.38,0.883,88.4
SIM_0457,2027-01-10,"Basra Light:0.13, Arab Light:0.87",44.58,28.58,19.49,7.35,63323.99,1.154,91.0
SIM_0458,2027-01-11,"Bonny Light:0.32, Brent:0.11, Oman:0.57",38.59,34.74,15.32,11.35,56048.4,1.167,94.8
SIM_0459,2027-01-12,"Dubai:0.55, Arab Light:0.09, Basra Light:0.26, Urals:0.10",27.18,30.26,11.43,31.13,70030.93,1.472,93.5
SIM_0460,2027-01-13,"Brent:0.46, Urals:0.20, Arab Light:0.34",40.81,27.7,15.36,16.13,55935.04,0.867,94.2
SIM_0461,2027-01-14,"Forties:0.43, Basra Light:0.45, Maya:0.12",32.84,27.68,17.62,21.85,56695.79,1.163,92.9
SIM_0462,2027-01-15,"Arab Light:0.13, Dubai:0.62, Oman:0.19, Urals:0.06",29.82,21.92,17.57,30.7,70722.7,1.415,87.3
SIM_0463,2027-01-16,"WTI:0.13, Maya:0.87",39.15,23.01,11.58,26.25,52310.15,1.868,88.9
SIM_0464,2027-01-17,"Brent:0.78, Forties:0.07, Arab Light:0.00, Dubai:0.14",28.01,20.67,16.98,34.34,71967.78,1.191,92.4
SIM_0465,2027-01-18,"Oman:0.02, Dubai:0.19, Basra Light:0.80",34.32,23.35,18.35,23.99,56858.82,1.723,90.6
SIM_0466,2027-01-19,"Maya:0.21, WTI:0.79",41.63,34.88,16.23,7.26,73376.2,1.314,89.1
SIM_0467,2027-01-20,"Maya:0.53, WTI:0.47",36.98,24.09,14.75,24.17,62248.8,1.03,87.8
SIM_0468,2027-01-21,"Maya:0.32, Dubai:0.12, Bonny Light:0.46, Urals:0.11",31.85,23.34,16.84,27.97,52297.62,1.045,89.1
SIM_0469,2027-01-22,"Brent:0.55, Dubai:0.21, Urals:0.24",40.65,28.28,19.53,11.54,60779.04,1.742,92.9
SIM_0470,2027-01-23,"Urals:0.54, Bonny Light:0.06, Oman:0.40",36.55,31.14,12.35,19.96,58799.83,1.354,94.9
SIM_0471,2027-01-24,"Forties:0.15, Brent:0.34, Bonny Light:0.51",29.58,22.08,12.02,36.32,60622.28,0.723,88.3
SIM_0472,2027-01-25,"Urals:0.09, Maya:0.03, Dubai:0.64, Basra Light:0.25",29.83,26.29,13.57,30.3,71017.39,1.411,87.2
SIM_0473,2027-01-26,"Maya:0.31, Urals:0.13, Dubai:0.57",26.26,28.77,19.5,25.48,66472.44,1.183,88.1
SIM_0474,2027-01-27,"WTI:0.72, Dubai:0.27, Urals:0.01",29.57,29.59,11.01,29.83,71018.67,0.518,92.5
SIM_0475,2027-01-28,"Arab Light:0.65, Dubai:0.35",42.22,29.73,17.98,10.07,66559.01,0.758,94.8
SIM_0476,2027-01-29,"Brent:0.50, WTI:0.39, Arab Light:0.11",25.09,30.22,14.11,30.58,72711.75,1.692,90.5
SIM_0477,2027-01-30,"Arab Light:0.46, Basra Light:0.54",32.52,24.56,12.54,30.38,51490.06,1.755,87.5
SIM_0478,2027-01-31,"Brent:0.13, Urals:0.43, Forties:0.28, Basra Light:0.16",41.53,30.92,13.94,13.62,75428.53,1.88,91.3
SIM_0479,2027-02-01,"WTI:0.06, Oman:0.94",44.32,27.54,10.52,17.62,56636.56,0.867,89.7
SIM_0480,2027-02-02,"Arab Light:0.61, Dubai:0.23, Maya:0.16",43.74,21.46,17.9,16.9,60939.97,1.543,94.4
SIM_0481,2027-02-03,"WTI:0.84, Arab Light:0.14, Bonny Light:0.02",27.35,34.29,14.51,23.85,57693.14,1.282,92.5
SIM_0482,2027-02-04,"Dubai:0.59, WTI:0.41",30.55,34.29,10.86,24.29,78166.73,0.967,91.1
SIM_0483,2027-02-05,"Dubai:0.06, Forties:0.10, Urals:0.46, Maya:0.38",35.32,23.57,11.93,29.18,78622.62,0.804,93.5
SIM_0484,2027-02-06,"WTI:0.63, Forties:0.37",40.12,32.9,14.86,12.13,68595.87,1.306,91.5
SIM_0485,2027-02-07,"Brent:0.18, Bonny Light:0.36, Arab Light:0.03, WTI:0.43",37.04,20.48,16.33,26.16,78541.91,0.619,91.7
SIM_0486,2027-02-08,"Bonny Light:1.00, Oman:0.00",31.14,27.56,13.77,27.53,59224.28,1.746,94.5
SIM_0487,2027-02-09,"WTI:0.87, Basra Light:0.13",38.49,20.54,16.01,24.97,69378.21,0.867,94.5
SIM_0488,2027-02-10,"Brent:0.08, Urals:0.92",28.07,20.55,15.34,36.03,65856.75,1.766,94.6
SIM_0489,2027-02-11,"Maya:0.09, Basra Light:0.02, Arab Light:0.89",43.28,33.9,19.79,3.04,55540.94,0.737,87.3
SIM_0490,2027-02-12,"WTI:0.16, Arab Light:0.23, Maya:0.17, Brent:0.44",32.59,31.95,11.91,23.54,71760.95,1.237,95.0
SIM_0491,2027-02-13,"Brent:0.39, Bonny Light:0.61",29.54,22.89,16.77,30.8,62440.52,0.536,89.8
SIM_0492,2027-02-14,"Oman:0.41, Bonny Light:0.01, Brent:0.36, Dubai:0.23",38.5,29.58,13.81,18.12,50218.19,0.878,92.1
SIM_0493,2027-02-15,"Dubai:0.33, Oman:0.43, Urals:0.11, WTI:0.13",32.93,22.83,16.91,27.33,59880.49,0.989,89.2
SIM_0494,2027-02-16,"Arab Light:0.26, Urals:0.74",28.36,26.16,10.95,34.53,57271.29,1.065,91.3
SIM_0495,2027-02-17,"Forties:0.84, Bonny Light:0.16",32.08,34.21,17.48,16.24,66374.17,0.878,90.0
SIM_0496,2027-02-18,"Brent:0.15, Urals:0.85",43.05,34.47,18.36,4.12,56344.15,0.929,94.0
SIM_0497,2027-02-19,"WTI:0.66, Forties:0.34, Bonny Light:0.01",29.31,30.5,17.71,22.48,58406.09,1.112,87.3
SIM_0498,2027-02-20,"Basra Light:0.88, Dubai:0.12",36.25,32.74,10.2,20.82,53703.29,0.868,89.4
SIM_0499,2027-02-21,"Maya:0.25, Arab Light:0.75",40.82,22.65,19.37,17.17,73558.16,1.785,88.2
SIM_0500,2027-02-22,"Basra Light:0.01, Maya:0.03, Dubai:0.93, WTI:0.03",35.75,29.64,19.59,15.03,76994.08,1.161,94.5
