forecast_date,crude_name,refinery_id,api_gravity,sulfur_content,viscosity,pour_point,tan,density_kg_m3,contamination_factor,delivery_method,confidence_lower_api,confidence_upper_api,confidence_lower_sulfur,confidence_upper_sulfur,forecast_model,confidence_score
2026-05-09,WTI,REF_001,40.03,0.389,38.49,-19.1,1.103,824.93,1.01,tanker,38.83,41.23,0.329,0.449,LSTM,0.92
2026-06-08,WTI,REF_001,38.84,0.366,7.31,2.6,0.296,830.68,1.02,tanker,37.44,40.24,0.296,0.436,LSTM,0.89
2026-07-08,WTI,REF_001,39.74,0.404,5.76,-26.1,1.228,826.33,1.02,tanker,38.14,41.34,0.324,0.484,Prophet,0.86
2026-08-07,WTI,REF_001,39.43,0.368,20.39,-6.0,1.8,827.82,1.03,tanker,37.63,41.23,0.278,0.458,Prophet,0.83
2026-09-06,WTI,REF_001,39.45,0.383,40.57,-3.0,0.723,827.71,1.0,tanker,37.45,41.45,0.283,0.483,Prophet,0.8
2026-10-06,WTI,REF_001,41.52,0.437,46.59,4.2,0.451,817.84,1.0,tanker,39.32,43.72,0.327,0.547,Ensemble,0.77
2026-11-05,WTI,REF_001,39.14,0.43,40.84,-10.0,0.894,829.25,1.04,tanker,36.74,41.54,0.31,0.55,LSTM,0.74
2026-12-05,WTI,REF_001,41.81,0.351,37.96,-15.3,0.735,816.46,1.0,tanker,39.21,44.41,0.221,0.481,Ensemble,0.71
2027-01-04,WTI,REF_001,37.52,0.391,49.48,3.5,1.75,837.2,1.05,tanker,34.72,40.32,0.251,0.531,Prophet,0.68
2027-02-03,WTI,REF_001,39.41,0.445,9.79,-5.6,0.941,827.95,1.0,tanker,36.41,42.41,0.295,0.595,LSTM,0.65
2027-03-05,WTI,REF_001,37.79,0.266,49.23,9.9,1.38,835.84,1.0,tanker,34.59,40.99,0.106,0.426,Ensemble,0.62
2027-04-04,WTI,REF_001,39.69,0.163,23.98,8.7,1.921,826.57,1.06,tanker,36.29,43.09,0.0,0.333,LSTM,0.6
2026-05-09,WTI,REF_002,37.95,0.389,43.64,9.8,0.782,835.06,1.06,rail,36.75,39.15,0.329,0.449,LSTM,0.92
2026-06-08,WTI,REF_002,38.12,0.413,22.7,-2.6,0.71,834.22,1.05,rail,36.72,39.52,0.343,0.483,Prophet,0.89
2026-07-08,WTI,REF_002,37.46,0.438,42.24,7.2,0.149,837.46,1.08,rail,35.86,39.06,0.358,0.518,Prophet,0.86
2026-08-07,WTI,REF_002,38.44,0.35,23.55,1.2,0.163,832.65,1.05,rail,36.64,40.24,0.26,0.44,Ensemble,0.83
2026-09-06,WTI,REF_002,40.91,0.283,19.46,-26.1,1.594,820.7,1.01,rail,38.91,42.91,0.183,0.383,Prophet,0.8
2026-10-06,WTI,REF_002,40.15,0.293,16.97,17.2,1.703,824.35,1.02,rail,37.95,42.35,0.183,0.403,ARIMA,0.77
2026-11-05,WTI,REF_002,37.43,0.285,49.09,0.7,1.517,837.65,1.02,rail,35.03,39.83,0.165,0.405,Ensemble,0.74
2026-12-05,WTI,REF_002,36.04,0.261,19.23,-18.6,1.978,844.6,1.11,rail,33.44,38.64,0.131,0.391,LSTM,0.71
2027-01-04,WTI,REF_002,34.37,0.266,30.89,10.6,1.51,853.07,1.12,rail,31.57,37.17,0.126,0.406,Ensemble,0.68
2027-02-03,WTI,REF_002,37.46,0.511,53.97,-9.8,1.992,837.49,1.15,rail,34.46,40.46,0.361,0.661,Ensemble,0.65
2027-03-05,WTI,REF_002,39.19,0.372,39.44,-20.3,0.95,829.01,1.1,rail,35.99,42.39,0.212,0.532,LSTM,0.62
2027-04-04,WTI,REF_002,39.91,0.408,32.17,16.8,1.357,825.5,1.0,rail,36.51,43.31,0.238,0.578,ARIMA,0.6
2026-05-09,WTI,REF_003,37.61,0.388,49.56,4.7,1.461,836.73,1.06,pipeline,36.41,38.81,0.328,0.448,ARIMA,0.92
2026-06-08,WTI,REF_003,38.12,0.401,28.37,12.1,1.489,834.2,1.04,pipeline,36.72,39.52,0.331,0.471,ARIMA,0.89
2026-07-08,WTI,REF_003,38.47,0.42,47.59,-2.2,1.372,832.51,1.06,pipeline,36.87,40.07,0.34,0.5,Ensemble,0.86
2026-08-07,WTI,REF_003,38.03,0.437,21.17,-26.1,0.622,834.67,1.03,pipeline,36.23,39.83,0.347,0.527,ARIMA,0.83
2026-09-06,WTI,REF_003,35.4,0.392,38.49,-14.7,0.669,847.83,1.1,pipeline,33.4,37.4,0.292,0.492,Prophet,0.8
2026-10-06,WTI,REF_003,37.41,0.29,30.93,-21.7,2.118,837.74,1.09,pipeline,35.21,39.61,0.18,0.4,Ensemble,0.77
2026-11-05,WTI,REF_003,36.79,0.517,41.11,4.0,2.01,840.82,1.06,pipeline,34.39,39.19,0.397,0.637,ARIMA,0.74
2026-12-05,WTI,REF_003,41.2,0.219,25.59,1.6,0.918,819.34,1.0,pipeline,38.6,43.8,0.089,0.349,ARIMA,0.71
2027-01-04,WTI,REF_003,40.28,0.297,46.18,-7.4,1.807,823.71,1.0,pipeline,37.48,43.08,0.157,0.437,LSTM,0.68
2027-02-03,WTI,REF_003,38.5,0.457,16.35,-19.0,1.378,832.35,1.11,pipeline,35.5,41.5,0.307,0.607,LSTM,0.65
2027-03-05,WTI,REF_003,39.65,0.464,23.32,-27.1,1.44,826.74,1.0,pipeline,36.45,42.85,0.304,0.624,Prophet,0.62
2027-04-04,WTI,REF_003,38.11,0.283,44.38,-4.1,0.4,834.28,1.0,pipeline,34.71,41.51,0.113,0.453,LSTM,0.6
2026-05-09,WTI,REF_004,38.91,0.392,8.36,11.8,1.042,830.34,1.03,pipeline,37.71,40.11,0.332,0.452,ARIMA,0.92
2026-06-08,WTI,REF_004,39.32,0.366,28.39,1.2,0.374,828.34,1.03,pipeline,37.92,40.72,0.296,0.436,Prophet,0.89
2026-07-08,WTI,REF_004,37.69,0.398,45.93,13.2,0.157,836.35,1.05,pipeline,36.09,39.29,0.318,0.478,ARIMA,0.86
2026-08-07,WTI,REF_004,37.9,0.327,20.06,-10.3,1.937,835.29,1.03,pipeline,36.1,39.7,0.237,0.417,Prophet,0.83
2026-09-06,WTI,REF_004,41.14,0.422,42.78,-5.3,0.164,819.64,1.0,pipeline,39.14,43.14,0.322,0.522,LSTM,0.8
2026-10-06,WTI,REF_004,40.45,0.497,11.23,-8.8,1.583,822.93,1.0,pipeline,38.25,42.65,0.387,0.607,ARIMA,0.77
2026-11-05,WTI,REF_004,38.08,0.495,11.24,11.8,0.895,834.44,1.07,pipeline,35.68,40.48,0.375,0.615,LSTM,0.74
2026-12-05,WTI,REF_004,40.49,0.327,23.26,-24.0,1.522,822.73,1.0,pipeline,37.89,43.09,0.197,0.457,ARIMA,0.71
2027-01-04,WTI,REF_004,38.69,0.245,9.91,14.1,1.381,831.42,1.0,pipeline,35.89,41.49,0.105,0.385,LSTM,0.68
2027-02-03,WTI,REF_004,41.16,0.572,5.6,-14.7,0.218,819.52,1.0,pipeline,38.16,44.16,0.422,0.722,Prophet,0.65
2027-03-05,WTI,REF_004,40.0,0.535,27.52,17.7,2.105,825.08,1.07,pipeline,36.8,43.2,0.375,0.695,Ensemble,0.62
2027-04-04,WTI,REF_004,35.48,0.612,9.03,-0.1,1.831,847.39,1.04,pipeline,32.08,38.88,0.442,0.782,ARIMA,0.6
2026-05-09,WTI,REF_005,36.3,0.429,19.49,5.0,1.602,843.27,1.11,rail,35.1,37.5,0.369,0.489,Prophet,0.92
2026-06-08,WTI,REF_005,36.35,0.418,21.78,16.6,1.175,843.0,1.12,rail,34.95,37.75,0.348,0.488,ARIMA,0.89
2026-07-08,WTI,REF_005,36.06,0.482,52.05,14.9,1.878,844.47,1.13,rail,34.46,37.66,0.402,0.562,LSTM,0.86
2026-08-07,WTI,REF_005,34.92,0.455,25.22,-6.4,0.568,850.25,1.13,rail,33.12,36.72,0.365,0.545,LSTM,0.83
2026-09-06,WTI,REF_005,35.22,0.488,30.26,-22.9,1.997,848.75,1.12,rail,33.22,37.22,0.388,0.588,Prophet,0.8
2026-10-06,WTI,REF_005,33.63,0.569,11.11,-9.2,0.637,856.89,1.15,rail,31.43,35.83,0.459,0.679,ARIMA,0.77
2026-11-05,WTI,REF_005,38.47,0.515,49.71,-18.4,0.39,832.49,1.05,rail,36.07,40.87,0.395,0.635,Prophet,0.74
2026-12-05,WTI,REF_005,36.8,0.603,17.19,-18.7,0.915,840.74,1.15,rail,34.2,39.4,0.473,0.733,ARIMA,0.71
2027-01-04,WTI,REF_005,35.39,0.525,23.15,-20.6,0.674,847.85,1.15,rail,32.59,38.19,0.385,0.665,Prophet,0.68
2027-02-03,WTI,REF_005,37.12,0.366,23.78,17.6,0.983,839.17,1.06,rail,34.12,40.12,0.216,0.516,Ensemble,0.65
2027-03-05,WTI,REF_005,32.23,0.209,38.97,-10.8,0.432,864.24,1.14,rail,29.03,35.43,0.049,0.369,Prophet,0.62
2027-04-04,WTI,REF_005,35.37,0.561,23.5,2.6,1.588,847.99,1.06,rail,31.97,38.77,0.391,0.731,ARIMA,0.6
2026-05-09,Brent,REF_001,40.62,0.269,22.51,12.2,0.82,822.11,1.0,tanker,39.42,41.82,0.209,0.329,LSTM,0.92
2026-06-08,Brent,REF_001,41.44,0.299,43.32,2.1,0.895,818.19,1.0,tanker,40.04,42.84,0.229,0.369,ARIMA,0.89
2026-07-08,Brent,REF_001,40.02,0.259,24.85,13.6,1.723,824.98,1.02,tanker,38.42,41.62,0.179,0.339,Ensemble,0.86
2026-08-07,Brent,REF_001,41.16,0.312,35.46,15.4,1.549,819.55,1.02,tanker,39.36,42.96,0.222,0.402,ARIMA,0.83
2026-09-06,Brent,REF_001,38.92,0.314,13.61,-5.1,1.942,830.29,1.05,tanker,36.92,40.92,0.214,0.414,ARIMA,0.8
2026-10-06,Brent,REF_001,42.12,0.343,47.99,-2.0,1.521,815.01,1.0,tanker,39.92,44.32,0.233,0.453,Ensemble,0.77
2026-11-05,Brent,REF_001,41.45,0.155,40.76,-4.0,0.816,818.14,1.02,tanker,39.05,43.85,0.035,0.275,Ensemble,0.74
2026-12-05,Brent,REF_001,40.5,0.331,10.72,-14.4,1.054,822.67,1.05,tanker,37.9,43.1,0.201,0.461,Ensemble,0.71
2027-01-04,Brent,REF_001,39.98,0.398,9.45,-15.1,1.39,825.15,1.04,tanker,37.18,42.78,0.258,0.538,Prophet,0.68
2027-02-03,Brent,REF_001,37.29,0.099,8.92,-24.4,1.748,838.31,1.07,tanker,34.29,40.29,0.0,0.249,ARIMA,0.65
2027-03-05,Brent,REF_001,38.66,0.321,53.68,4.7,1.359,831.55,1.09,tanker,35.46,41.86,0.161,0.481,LSTM,0.62
2027-04-04,Brent,REF_001,36.77,0.541,52.88,16.3,2.026,840.94,1.07,tanker,33.37,40.17,0.371,0.711,Ensemble,0.6
2026-05-09,Brent,REF_002,36.95,0.303,47.57,18.1,0.559,839.99,1.11,rail,35.75,38.15,0.243,0.363,Prophet,0.92
2026-06-08,Brent,REF_002,36.35,0.299,41.35,2.9,0.508,843.03,1.11,rail,34.95,37.75,0.229,0.369,ARIMA,0.89
2026-07-08,Brent,REF_002,36.42,0.274,26.68,12.6,2.196,842.67,1.13,rail,34.82,38.02,0.194,0.354,ARIMA,0.86
2026-08-07,Brent,REF_002,35.29,0.359,26.61,-20.3,1.721,848.37,1.13,rail,33.49,37.09,0.269,0.449,Ensemble,0.83
2026-09-06,Brent,REF_002,34.83,0.215,27.21,-26.8,0.749,850.72,1.15,rail,32.83,36.83,0.115,0.315,ARIMA,0.8
2026-10-06,Brent,REF_002,37.19,0.329,36.69,-4.2,2.001,838.82,1.13,rail,34.99,39.39,0.219,0.439,Prophet,0.77
2026-11-05,Brent,REF_002,35.34,0.363,33.46,-10.9,0.809,848.11,1.11,rail,32.94,37.74,0.243,0.483,LSTM,0.74
2026-12-05,Brent,REF_002,37.54,0.196,51.87,-13.6,0.143,837.09,1.15,rail,34.94,40.14,0.066,0.326,Prophet,0.71
2027-01-04,Brent,REF_002,36.41,0.274,12.56,-7.7,1.413,842.72,1.14,rail,33.61,39.21,0.134,0.414,Ensemble,0.68
2027-02-03,Brent,REF_002,39.97,0.113,27.21,-16.8,1.955,825.24,1.09,rail,36.97,42.97,0.0,0.263,LSTM,0.65
2027-03-05,Brent,REF_002,35.03,0.394,20.6,-0.4,1.776,849.67,1.14,rail,31.83,38.23,0.234,0.554,Ensemble,0.62
2027-04-04,Brent,REF_002,36.15,0.397,28.2,-12.9,0.58,844.02,1.15,rail,32.75,39.55,0.227,0.567,LSTM,0.6
2026-05-09,Brent,REF_003,38.28,0.291,50.64,-12.5,0.883,833.42,1.07,pipeline,37.08,39.48,0.231,0.351,ARIMA,0.92
2026-06-08,Brent,REF_003,37.96,0.33,15.65,-2.9,1.087,835.02,1.06,pipeline,36.56,39.36,0.26,0.4,Prophet,0.89
2026-07-08,Brent,REF_003,38.4,0.312,39.46,5.9,0.584,832.86,1.07,pipeline,36.8,40.0,0.232,0.392,ARIMA,0.86
2026-08-07,Brent,REF_003,37.51,0.227,26.42,8.7,1.144,837.23,1.08,pipeline,35.71,39.31,0.137,0.317,LSTM,0.83
2026-09-06,Brent,REF_003,36.04,0.252,35.89,12.4,0.903,844.58,1.1,pipeline,34.04,38.04,0.152,0.352,ARIMA,0.8
2026-10-06,Brent,REF_003,37.24,0.261,26.08,17.0,0.651,838.55,1.13,pipeline,35.04,39.44,0.151,0.371,Ensemble,0.77
2026-11-05,Brent,REF_003,39.19,0.353,15.46,18.8,0.732,829.0,1.04,pipeline,36.79,41.59,0.233,0.473,ARIMA,0.74
2026-12-05,Brent,REF_003,35.67,0.191,52.65,-17.2,0.904,846.45,1.09,pipeline,33.07,38.27,0.061,0.321,Ensemble,0.71
2027-01-04,Brent,REF_003,38.34,0.413,51.47,13.2,2.212,833.15,1.11,pipeline,35.54,41.14,0.273,0.553,Prophet,0.68
2027-02-03,Brent,REF_003,35.79,0.291,47.52,10.0,0.486,845.86,1.15,pipeline,32.79,38.79,0.141,0.441,Prophet,0.65
2027-03-05,Brent,REF_003,35.03,0.188,6.75,-18.1,1.644,849.72,1.15,pipeline,31.83,38.23,0.028,0.348,LSTM,0.62
2027-04-04,Brent,REF_003,36.88,0.098,50.19,13.6,1.721,840.38,1.07,pipeline,33.48,40.28,0.0,0.268,ARIMA,0.6
2026-05-09,Brent,REF_004,37.02,0.33,21.0,-8.8,1.601,839.65,1.11,rail,35.82,38.22,0.27,0.39,Prophet,0.92
2026-06-08,Brent,REF_004,37.59,0.324,9.08,-15.6,1.292,836.81,1.09,rail,36.19,38.99,0.254,0.394,ARIMA,0.89
2026-07-08,Brent,REF_004,38.59,0.284,44.07,-3.9,0.295,831.9,1.08,rail,36.99,40.19,0.204,0.364,LSTM,0.86
2026-08-07,Brent,REF_004,35.67,0.329,43.28,-27.6,0.635,846.43,1.14,rail,33.87,37.47,0.239,0.419,Prophet,0.83
2026-09-06,Brent,REF_004,37.98,0.25,16.22,-21.2,1.009,834.88,1.09,rail,35.98,39.98,0.15,0.35,ARIMA,0.8
2026-10-06,Brent,REF_004,37.76,0.19,28.46,7.0,1.154,835.99,1.07,rail,35.56,39.96,0.08,0.3,Prophet,0.77
2026-11-05,Brent,REF_004,38.31,0.412,48.72,11.6,0.773,833.29,1.07,rail,35.91,40.71,0.292,0.532,LSTM,0.74
2026-12-05,Brent,REF_004,35.91,0.249,42.22,-11.3,0.404,845.25,1.15,rail,33.31,38.51,0.119,0.379,Prophet,0.71
2027-01-04,Brent,REF_004,34.15,0.155,26.75,-17.7,1.374,854.21,1.15,rail,31.35,36.95,0.015,0.295,Prophet,0.68
2027-02-03,Brent,REF_004,36.69,0.395,53.18,-27.1,0.481,841.29,1.15,rail,33.69,39.69,0.245,0.545,Ensemble,0.65
2027-03-05,Brent,REF_004,35.46,0.241,20.39,-12.7,1.804,847.52,1.13,rail,32.26,38.66,0.081,0.401,ARIMA,0.62
2027-04-04,Brent,REF_004,34.97,0.413,19.47,-17.7,0.77,850.0,1.08,rail,31.57,38.37,0.243,0.583,ARIMA,0.6
2026-05-09,Brent,REF_005,38.65,0.283,19.42,-18.3,0.664,831.64,1.06,pipeline,37.45,39.85,0.223,0.343,Ensemble,0.92
2026-06-08,Brent,REF_005,38.12,0.346,44.85,-21.4,1.573,834.23,1.07,pipeline,36.72,39.52,0.276,0.416,ARIMA,0.89
2026-07-08,Brent,REF_005,38.38,0.351,12.64,20.0,1.494,832.95,1.08,pipeline,36.78,39.98,0.271,0.431,ARIMA,0.86
2026-08-07,Brent,REF_005,39.12,0.309,11.65,12.6,0.158,829.35,1.04,pipeline,37.32,40.92,0.219,0.399,Prophet,0.83
2026-09-06,Brent,REF_005,40.98,0.313,43.05,-9.6,1.594,820.41,1.03,pipeline,38.98,42.98,0.213,0.413,LSTM,0.8
2026-10-06,Brent,REF_005,39.59,0.176,5.7,-12.3,0.476,827.03,1.01,pipeline,37.39,41.79,0.066,0.286,Prophet,0.77
2026-11-05,Brent,REF_005,38.52,0.217,44.85,16.2,1.485,832.28,1.04,pipeline,36.12,40.92,0.097,0.337,LSTM,0.74
2026-12-05,Brent,REF_005,37.04,0.438,32.35,14.0,1.759,839.54,1.06,pipeline,34.44,39.64,0.308,0.568,LSTM,0.71
2027-01-04,Brent,REF_005,40.69,0.391,22.34,6.2,1.098,821.76,1.05,pipeline,37.89,43.49,0.251,0.531,LSTM,0.68
2027-02-03,Brent,REF_005,42.78,0.456,13.98,-29.4,0.729,811.89,1.0,pipeline,39.78,45.78,0.306,0.606,Ensemble,0.65
2027-03-05,Brent,REF_005,33.81,0.296,26.84,-20.9,2.184,855.99,1.13,pipeline,30.61,37.01,0.136,0.456,LSTM,0.62
2027-04-04,Brent,REF_005,37.45,0.246,21.98,-29.9,0.249,837.53,1.13,pipeline,34.05,40.85,0.076,0.416,ARIMA,0.6
2026-05-09,Dubai,REF_001,30.38,2.651,44.85,-1.2,0.295,874.08,1.07,pipeline,29.18,31.58,2.591,2.711,LSTM,0.92
2026-06-08,Dubai,REF_001,30.47,2.68,26.46,-20.7,0.893,873.63,1.08,pipeline,29.07,31.87,2.61,2.75,Prophet,0.89
2026-07-08,Dubai,REF_001,30.78,2.674,34.03,14.9,0.511,871.96,1.07,pipeline,29.18,32.38,2.594,2.754,Ensemble,0.86
2026-08-07,Dubai,REF_001,31.83,2.586,42.21,-0.8,1.919,866.34,1.03,pipeline,30.03,33.63,2.496,2.676,LSTM,0.83
2026-09-06,Dubai,REF_001,32.44,2.497,16.09,-10.3,0.717,863.13,1.03,pipeline,30.44,34.44,2.397,2.597,Prophet,0.8
2026-10-06,Dubai,REF_001,31.32,2.613,12.75,10.5,0.611,869.06,1.07,pipeline,29.12,33.52,2.503,2.723,Prophet,0.77
2026-11-05,Dubai,REF_001,28.91,2.849,20.01,-27.2,1.543,882.11,1.11,pipeline,26.51,31.31,2.729,2.969,LSTM,0.74
2026-12-05,Dubai,REF_001,30.43,2.458,25.49,13.8,0.274,873.82,1.02,pipeline,27.83,33.03,2.328,2.588,Prophet,0.71
2027-01-04,Dubai,REF_001,28.13,2.617,14.48,-25.4,0.629,886.41,1.12,pipeline,25.33,30.93,2.477,2.757,Ensemble,0.68
2027-02-03,Dubai,REF_001,27.69,2.595,31.27,-24.2,2.118,888.85,1.1,pipeline,24.69,30.69,2.445,2.745,ARIMA,0.65
2027-03-05,Dubai,REF_001,34.56,2.674,20.93,5.3,0.382,852.1,1.0,pipeline,31.36,37.76,2.514,2.834,Prophet,0.62
2027-04-04,Dubai,REF_001,33.5,2.326,46.7,-0.5,1.366,857.57,1.01,pipeline,30.1,36.9,2.156,2.496,Ensemble,0.6
2026-05-09,Dubai,REF_002,31.05,2.601,28.19,-9.8,1.75,870.52,1.05,pipeline,29.85,32.25,2.541,2.661,Ensemble,0.92
2026-06-08,Dubai,REF_002,31.6,2.624,34.05,-8.1,0.156,867.57,1.04,pipeline,30.2,33.0,2.554,2.694,ARIMA,0.89
2026-07-08,Dubai,REF_002,29.59,2.645,14.79,2.7,0.328,878.38,1.08,pipeline,27.99,31.19,2.565,2.725,Ensemble,0.86
2026-08-07,Dubai,REF_002,30.52,2.719,54.76,-4.3,0.457,873.33,1.1,pipeline,28.72,32.32,2.629,2.809,LSTM,0.83
2026-09-06,Dubai,REF_002,33.08,2.595,23.99,7.0,1.856,859.79,1.03,pipeline,31.08,35.08,2.495,2.695,ARIMA,0.8
2026-10-06,Dubai,REF_002,31.65,2.405,27.6,5.4,1.534,867.28,1.0,pipeline,29.45,33.85,2.295,2.515,ARIMA,0.77
2026-11-05,Dubai,REF_002,30.77,2.644,22.78,10.9,2.044,871.98,1.03,pipeline,28.37,33.17,2.524,2.764,Ensemble,0.74
2026-12-05,Dubai,REF_002,28.95,2.873,12.93,14.7,0.436,881.9,1.12,pipeline,26.35,31.55,2.743,3.003,Ensemble,0.71
2027-01-04,Dubai,REF_002,34.36,2.349,8.67,15.5,0.251,853.11,1.0,pipeline,31.56,37.16,2.209,2.489,Ensemble,0.68
2027-02-03,Dubai,REF_002,31.09,2.809,40.87,-1.5,1.47,870.29,1.07,pipeline,28.09,34.09,2.659,2.959,LSTM,0.65
2027-03-05,Dubai,REF_002,30.02,2.528,40.71,8.2,1.506,876.04,1.0,pipeline,26.82,33.22,2.368,2.688,LSTM,0.62
2027-04-04,Dubai,REF_002,31.97,2.434,46.86,-15.7,0.995,865.59,1.0,pipeline,28.57,35.37,2.264,2.604,LSTM,0.6
2026-05-09,Dubai,REF_003,29.26,2.778,51.04,-26.4,1.705,880.21,1.11,rail,28.06,30.46,2.718,2.838,ARIMA,0.92
2026-06-08,Dubai,REF_003,29.2,2.801,6.64,0.4,2.152,880.54,1.12,rail,27.8,30.6,2.731,2.871,ARIMA,0.89
2026-07-08,Dubai,REF_003,28.82,2.781,6.98,-13.0,1.22,882.61,1.12,rail,27.22,30.42,2.701,2.861,LSTM,0.86
2026-08-07,Dubai,REF_003,29.21,2.783,50.24,1.0,0.556,880.48,1.1,rail,27.41,31.01,2.693,2.873,Ensemble,0.83
2026-09-06,Dubai,REF_003,30.73,2.658,6.14,-28.6,1.068,872.21,1.07,rail,28.73,32.73,2.558,2.758,ARIMA,0.8
2026-10-06,Dubai,REF_003,29.3,2.777,29.74,-8.9,1.638,879.99,1.11,rail,27.1,31.5,2.667,2.887,LSTM,0.77
2026-11-05,Dubai,REF_003,30.19,2.744,48.04,15.3,0.963,875.12,1.14,rail,27.79,32.59,2.624,2.864,Prophet,0.74
2026-12-05,Dubai,REF_003,30.09,2.772,53.87,3.5,0.776,875.69,1.13,rail,27.49,32.69,2.642,2.902,ARIMA,0.71
2027-01-04,Dubai,REF_003,29.67,2.896,28.38,10.7,0.768,877.98,1.11,rail,26.87,32.47,2.756,3.036,Prophet,0.68
2027-02-03,Dubai,REF_003,29.54,3.003,52.99,-0.1,1.964,878.64,1.15,rail,26.54,32.54,2.853,3.153,Prophet,0.65
2027-03-05,Dubai,REF_003,30.0,2.6,16.79,2.7,1.428,876.17,1.0,rail,26.8,33.2,2.44,2.76,Ensemble,0.62
2027-04-04,Dubai,REF_003,31.35,2.57,47.37,-10.9,0.527,868.92,1.03,rail,27.95,34.75,2.4,2.74,Ensemble,0.6
2026-05-09,Dubai,REF_004,31.39,2.586,13.86,-22.7,1.676,868.68,1.04,pipeline,30.19,32.59,2.526,2.646,Ensemble,0.92
2026-06-08,Dubai,REF_004,31.82,2.578,21.59,-6.0,1.858,866.4,1.02,pipeline,30.42,33.22,2.508,2.648,LSTM,0.89
2026-07-08,Dubai,REF_004,32.9,2.521,26.48,-21.9,1.272,860.73,1.0,pipeline,31.3,34.5,2.441,2.601,Ensemble,0.86
2026-08-07,Dubai,REF_004,30.58,2.591,23.13,1.6,1.286,873.04,1.03,pipeline,28.78,32.38,2.501,2.681,LSTM,0.83
2026-09-06,Dubai,REF_004,33.7,2.569,9.54,18.3,1.113,856.55,1.0,pipeline,31.7,35.7,2.469,2.669,ARIMA,0.8
2026-10-06,Dubai,REF_004,31.8,2.417,12.51,6.4,0.555,866.5,1.0,pipeline,29.6,34.0,2.307,2.527,LSTM,0.77
2026-11-05,Dubai,REF_004,33.78,2.489,5.24,-18.7,0.468,856.11,1.0,pipeline,31.38,36.18,2.369,2.609,Ensemble,0.74
2026-12-05,Dubai,REF_004,33.58,2.435,10.52,-2.7,0.53,857.14,1.0,pipeline,30.98,36.18,2.305,2.565,Prophet,0.71
2027-01-04,Dubai,REF_004,30.82,2.679,20.88,-20.8,1.737,871.76,1.06,pipeline,28.02,33.62,2.539,2.819,Prophet,0.68
2027-02-03,Dubai,REF_004,32.19,2.732,43.01,-3.8,0.254,864.45,1.1,pipeline,29.19,35.19,2.582,2.882,Prophet,0.65
2027-03-05,Dubai,REF_004,33.97,2.559,30.72,-3.6,1.147,855.13,1.0,pipeline,30.77,37.17,2.399,2.719,Prophet,0.62
2027-04-04,Dubai,REF_004,34.63,2.305,45.28,12.0,1.39,851.76,1.0,pipeline,31.23,38.03,2.135,2.475,Ensemble,0.6
2026-05-09,Dubai,REF_005,31.92,2.512,29.88,-16.3,0.529,865.88,1.01,tanker,30.72,33.12,2.452,2.572,ARIMA,0.92
2026-06-08,Dubai,REF_005,31.7,2.555,27.4,-6.2,1.292,867.01,1.01,tanker,30.3,33.1,2.485,2.625,ARIMA,0.89
2026-07-08,Dubai,REF_005,32.03,2.514,15.66,-28.5,1.734,865.3,1.01,tanker,30.43,33.63,2.434,2.594,LSTM,0.86
2026-08-07,Dubai,REF_005,33.57,2.553,11.78,16.9,1.16,857.24,1.0,tanker,31.77,35.37,2.463,2.643,LSTM,0.83
2026-09-06,Dubai,REF_005,32.28,2.538,44.08,5.7,0.654,863.97,1.02,tanker,30.28,34.28,2.438,2.638,ARIMA,0.8
2026-10-06,Dubai,REF_005,31.22,2.553,7.56,-11.9,0.443,869.57,1.01,tanker,29.02,33.42,2.443,2.663,Ensemble,0.77
2026-11-05,Dubai,REF_005,32.48,2.631,23.38,-20.9,1.266,862.92,1.0,tanker,30.08,34.88,2.511,2.751,Ensemble,0.74
2026-12-05,Dubai,REF_005,31.72,2.453,32.57,-5.5,1.342,866.94,1.0,tanker,29.12,34.32,2.323,2.583,LSTM,0.71
2027-01-04,Dubai,REF_005,28.91,2.793,33.25,-28.6,2.04,882.1,1.06,tanker,26.11,31.71,2.653,2.933,ARIMA,0.68
2027-02-03,Dubai,REF_005,33.96,2.338,34.2,8.0,1.733,855.19,1.0,tanker,30.96,36.96,2.188,2.488,Ensemble,0.65
2027-03-05,Dubai,REF_005,29.21,2.463,29.01,10.1,0.665,880.49,1.06,tanker,26.01,32.41,2.303,2.623,LSTM,0.62
2027-04-04,Dubai,REF_005,27.6,2.481,13.58,14.8,0.724,889.37,1.1,tanker,24.2,31.0,2.311,2.651,LSTM,0.6
2026-05-09,Oman,REF_001,29.37,1.75,48.21,12.6,0.776,879.6,1.07,pipeline,28.17,30.57,1.69,1.81,LSTM,0.92
2026-06-08,Oman,REF_001,30.28,1.774,11.39,-19.8,0.927,874.65,1.06,pipeline,28.88,31.68,1.704,1.844,ARIMA,0.89
2026-07-08,Oman,REF_001,29.93,1.732,36.25,-13.2,1.782,876.52,1.09,pipeline,28.33,31.53,1.652,1.812,Prophet,0.86
2026-08-07,Oman,REF_001,30.72,1.658,30.18,-1.3,1.233,872.25,1.03,pipeline,28.92,32.52,1.568,1.748,Ensemble,0.83
2026-09-06,Oman,REF_001,28.51,1.832,49.4,14.3,1.222,884.33,1.11,pipeline,26.51,30.51,1.732,1.932,ARIMA,0.8
2026-10-06,Oman,REF_001,28.83,1.614,51.07,-14.0,0.317,882.53,1.03,pipeline,26.63,31.03,1.504,1.724,LSTM,0.77
2026-11-05,Oman,REF_001,30.42,1.936,15.26,-27.1,0.981,873.88,1.11,pipeline,28.02,32.82,1.816,2.056,Prophet,0.74
2026-12-05,Oman,REF_001,30.49,1.58,24.13,-14.9,0.585,873.5,1.05,pipeline,27.89,33.09,1.45,1.71,LSTM,0.71
2027-01-04,Oman,REF_001,29.77,1.499,6.98,5.7,0.465,877.39,1.0,pipeline,26.97,32.57,1.359,1.639,ARIMA,0.68
2027-02-03,Oman,REF_001,28.98,1.854,9.74,18.7,0.339,881.71,1.06,pipeline,25.98,31.98,1.704,2.004,LSTM,0.65
2027-03-05,Oman,REF_001,30.74,1.65,5.53,-1.3,1.797,872.15,1.0,pipeline,27.54,33.94,1.49,1.81,Ensemble,0.62
2027-04-04,Oman,REF_001,25.54,1.96,33.46,-22.3,0.482,901.07,1.15,pipeline,22.14,28.94,1.79,2.13,LSTM,0.6
2026-05-09,Oman,REF_002,30.23,1.698,29.1,-13.2,1.003,874.92,1.04,pipeline,29.03,31.43,1.638,1.758,Prophet,0.92
2026-06-08,Oman,REF_002,30.25,1.702,28.01,16.0,1.098,874.82,1.05,pipeline,28.85,31.65,1.632,1.772,Ensemble,0.89
2026-07-08,Oman,REF_002,29.86,1.742,44.97,-15.7,0.586,876.91,1.05,pipeline,28.26,31.46,1.662,1.822,Ensemble,0.86
2026-08-07,Oman,REF_002,30.66,1.701,19.66,2.9,0.839,872.61,1.02,pipeline,28.86,32.46,1.611,1.791,Ensemble,0.83
2026-09-06,Oman,REF_002,29.6,1.684,22.2,-5.4,0.291,878.33,1.06,pipeline,27.6,31.6,1.584,1.784,LSTM,0.8
2026-10-06,Oman,REF_002,31.31,1.583,42.85,19.3,1.796,869.13,1.0,pipeline,29.11,33.51,1.473,1.693,LSTM,0.77
2026-11-05,Oman,REF_002,30.13,1.789,17.11,-17.3,0.894,875.45,1.08,pipeline,27.73,32.53,1.669,1.909,ARIMA,0.74
2026-12-05,Oman,REF_002,30.31,1.834,44.29,-9.8,1.623,874.49,1.07,pipeline,27.71,32.91,1.704,1.964,Prophet,0.71
2027-01-04,Oman,REF_002,27.84,1.645,40.54,9.2,0.15,888.02,1.12,pipeline,25.04,30.64,1.505,1.785,Ensemble,0.68
2027-02-03,Oman,REF_002,34.35,1.477,5.2,3.6,1.268,853.2,1.0,pipeline,31.35,37.35,1.327,1.627,ARIMA,0.65
2027-03-05,Oman,REF_002,32.3,1.747,48.83,-11.0,0.222,863.85,1.0,pipeline,29.1,35.5,1.587,1.907,ARIMA,0.62
2027-04-04,Oman,REF_002,29.49,1.599,34.08,14.3,0.968,878.94,1.08,pipeline,26.09,32.89,1.429,1.769,Ensemble,0.6
2026-05-09,Oman,REF_003,30.06,1.718,29.0,4.7,0.71,875.84,1.04,pipeline,28.86,31.26,1.658,1.778,ARIMA,0.92
2026-06-08,Oman,REF_003,30.89,1.68,7.64,-7.7,1.557,871.35,1.03,pipeline,29.49,32.29,1.61,1.75,Ensemble,0.89
2026-07-08,Oman,REF_003,31.21,1.641,20.42,17.2,1.391,869.65,1.04,pipeline,29.61,32.81,1.561,1.721,Ensemble,0.86
2026-08-07,Oman,REF_003,30.09,1.758,16.52,18.4,1.116,875.67,1.04,pipeline,28.29,31.89,1.668,1.848,LSTM,0.83
2026-09-06,Oman,REF_003,29.13,1.829,52.52,-18.5,0.122,880.92,1.1,pipeline,27.13,31.13,1.729,1.929,LSTM,0.8
2026-10-06,Oman,REF_003,28.74,1.763,23.06,-14.2,1.12,883.03,1.08,pipeline,26.54,30.94,1.653,1.873,Prophet,0.77
2026-11-05,Oman,REF_003,30.55,1.619,19.11,18.9,1.893,873.17,1.01,pipeline,28.15,32.95,1.499,1.739,ARIMA,0.74
2026-12-05,Oman,REF_003,30.97,1.808,13.44,16.2,1.485,870.96,1.01,pipeline,28.37,33.57,1.678,1.938,LSTM,0.71
2027-01-04,Oman,REF_003,32.62,1.536,20.27,-18.6,0.565,862.16,1.0,pipeline,29.82,35.42,1.396,1.676,Ensemble,0.68
2027-02-03,Oman,REF_003,29.57,1.873,52.2,17.8,1.713,878.51,1.07,pipeline,26.57,32.57,1.723,2.023,LSTM,0.65
2027-03-05,Oman,REF_003,28.96,1.615,30.35,-15.3,0.675,881.86,1.0,pipeline,25.76,32.16,1.455,1.775,Ensemble,0.62
2027-04-04,Oman,REF_003,30.48,1.798,17.12,15.7,0.684,873.57,1.09,pipeline,27.08,33.88,1.628,1.968,Prophet,0.6
2026-05-09,Oman,REF_004,30.46,1.695,18.98,-22.5,0.675,873.7,1.03,tanker,29.26,31.66,1.635,1.755,LSTM,0.92
2026-06-08,Oman,REF_004,30.64,1.715,21.2,10.1,0.495,872.69,1.04,tanker,29.24,32.04,1.645,1.785,Prophet,0.89
2026-07-08,Oman,REF_004,31.17,1.66,37.94,-21.8,0.599,869.87,1.02,tanker,29.57,32.77,1.58,1.74,LSTM,0.86
2026-08-07,Oman,REF_004,30.26,1.754,38.14,-16.4,1.088,874.75,1.03,tanker,28.46,32.06,1.664,1.844,ARIMA,0.83
2026-09-06,Oman,REF_004,31.31,1.778,36.54,2.1,1.978,869.13,1.04,tanker,29.31,33.31,1.678,1.878,Ensemble,0.8
2026-10-06,Oman,REF_004,30.85,1.676,31.67,-1.0,1.197,871.58,1.01,tanker,28.65,33.05,1.566,1.786,ARIMA,0.77
2026-11-05,Oman,REF_004,29.12,1.698,46.11,-25.7,0.164,880.95,1.04,tanker,26.72,31.52,1.578,1.818,LSTM,0.74
2026-12-05,Oman,REF_004,27.65,1.748,26.32,-13.2,1.106,889.07,1.07,tanker,25.05,30.25,1.618,1.878,ARIMA,0.71
2027-01-04,Oman,REF_004,31.2,1.812,42.2,-24.6,1.066,869.7,1.0,tanker,28.4,34.0,1.672,1.952,Ensemble,0.68
2027-02-03,Oman,REF_004,33.72,1.761,24.89,13.9,0.542,856.41,1.0,tanker,30.72,36.72,1.611,1.911,ARIMA,0.65
2027-03-05,Oman,REF_004,27.31,1.528,51.01,-22.4,0.694,890.98,1.05,tanker,24.11,30.51,1.368,1.688,Ensemble,0.62
2027-04-04,Oman,REF_004,30.38,1.554,41.07,-8.9,1.262,874.1,1.0,tanker,26.98,33.78,1.384,1.724,LSTM,0.6
2026-05-09,Oman,REF_005,31.15,1.685,50.23,9.4,0.978,869.96,1.02,pipeline,29.95,32.35,1.625,1.745,Ensemble,0.92
2026-06-08,Oman,REF_005,31.04,1.651,47.44,-18.7,0.336,870.54,1.02,pipeline,29.64,32.44,1.581,1.721,LSTM,0.89
2026-07-08,Oman,REF_005,30.67,1.737,24.22,-16.8,1.246,872.52,1.05,pipeline,29.07,32.27,1.657,1.817,LSTM,0.86
2026-08-07,Oman,REF_005,30.39,1.628,15.97,-5.1,0.663,874.04,1.01,pipeline,28.59,32.19,1.538,1.718,LSTM,0.83
2026-09-06,Oman,REF_005,32.68,1.741,46.54,13.0,1.986,861.83,1.0,pipeline,30.68,34.68,1.641,1.841,LSTM,0.8
2026-10-06,Oman,REF_005,30.11,1.649,19.71,7.8,0.697,875.59,1.0,pipeline,27.91,32.31,1.539,1.759,ARIMA,0.77
2026-11-05,Oman,REF_005,30.36,1.567,7.49,-10.0,0.296,874.22,1.02,pipeline,27.96,32.76,1.447,1.687,Ensemble,0.74
2026-12-05,Oman,REF_005,30.33,1.602,48.58,-14.1,0.225,874.4,1.02,pipeline,27.73,32.93,1.472,1.732,Prophet,0.71
2027-01-04,Oman,REF_005,29.4,1.553,49.97,-1.4,1.056,879.41,1.05,pipeline,26.6,32.2,1.413,1.693,Prophet,0.68
2027-02-03,Oman,REF_005,29.49,1.672,21.49,-2.1,1.047,878.94,1.0,pipeline,26.49,32.49,1.522,1.822,Ensemble,0.65
2027-03-05,Oman,REF_005,32.22,1.717,21.52,14.0,1.621,864.26,1.0,pipeline,29.02,35.42,1.557,1.877,Prophet,0.62
2027-04-04,Oman,REF_005,29.85,1.824,37.3,-24.1,0.95,876.96,1.14,pipeline,26.45,33.25,1.654,1.994,ARIMA,0.6
2026-05-09,Urals,REF_001,20.7,3.061,43.97,-9.3,1.356,929.7,1.04,pipeline,19.5,21.9,3.001,3.121,LSTM,0.92
2026-06-08,Urals,REF_001,21.02,3.128,27.33,2.4,1.037,927.75,1.05,pipeline,19.62,22.42,3.058,3.198,Ensemble,0.89
2026-07-08,Urals,REF_001,21.11,3.143,48.3,-22.9,1.429,927.22,1.06,pipeline,19.51,22.71,3.063,3.223,Prophet,0.86
2026-08-07,Urals,REF_001,20.5,3.031,44.38,10.4,1.36,930.89,1.01,pipeline,18.7,22.3,2.941,3.121,Prophet,0.83
2026-09-06,Urals,REF_001,19.64,3.066,22.13,-23.2,1.248,936.25,1.06,pipeline,17.64,21.64,2.966,3.166,Prophet,0.8
2026-10-06,Urals,REF_001,19.18,3.113,43.13,-16.2,1.887,939.09,1.05,pipeline,16.98,21.38,3.003,3.223,Ensemble,0.77
2026-11-05,Urals,REF_001,20.12,3.033,21.61,-13.3,1.789,933.26,1.0,pipeline,17.72,22.52,2.913,3.153,Ensemble,0.74
2026-12-05,Urals,REF_001,22.46,3.041,42.46,-25.0,1.352,919.09,1.03,pipeline,19.86,25.06,2.911,3.171,ARIMA,0.71
2027-01-04,Urals,REF_001,22.51,3.127,29.12,1.0,1.958,918.76,1.03,pipeline,19.71,25.31,2.987,3.267,ARIMA,0.68
2027-02-03,Urals,REF_001,23.75,3.068,22.21,11.4,0.253,911.43,1.0,pipeline,20.75,26.75,2.918,3.218,ARIMA,0.65
2027-03-05,Urals,REF_001,19.05,3.032,9.06,-0.7,0.685,939.88,1.07,pipeline,15.85,22.25,2.872,3.192,Ensemble,0.62
2027-04-04,Urals,REF_001,22.65,2.886,32.93,-2.5,1.314,917.96,1.04,pipeline,19.25,26.05,2.716,3.056,Ensemble,0.6
2026-05-09,Urals,REF_002,21.35,3.009,48.85,-3.3,1.11,925.77,1.01,tanker,20.15,22.55,2.949,3.069,Prophet,0.92
2026-06-08,Urals,REF_002,21.77,3.011,19.17,-9.7,1.968,923.19,1.01,tanker,20.37,23.17,2.941,3.081,ARIMA,0.89
2026-07-08,Urals,REF_002,21.69,2.956,6.09,-12.4,1.435,923.67,1.01,tanker,20.09,23.29,2.876,3.036,LSTM,0.86
2026-08-07,Urals,REF_002,21.76,2.895,48.07,-21.3,1.123,923.28,1.0,tanker,19.96,23.56,2.805,2.985,Ensemble,0.83
2026-09-06,Urals,REF_002,21.21,3.009,48.82,-12.9,1.09,926.62,1.0,tanker,19.21,23.21,2.909,3.109,LSTM,0.8
2026-10-06,Urals,REF_002,20.53,2.923,14.56,-23.7,0.817,930.76,1.0,tanker,18.33,22.73,2.813,3.033,LSTM,0.77
2026-11-05,Urals,REF_002,21.27,2.889,14.48,14.2,1.771,926.25,1.01,tanker,18.87,23.67,2.769,3.009,Prophet,0.74
2026-12-05,Urals,REF_002,23.33,2.826,14.25,-2.8,0.439,913.91,1.0,tanker,20.73,25.93,2.696,2.956,ARIMA,0.71
2027-01-04,Urals,REF_002,22.94,3.13,21.37,9.2,1.398,916.18,1.0,tanker,20.14,25.74,2.99,3.27,Ensemble,0.68
2027-02-03,Urals,REF_002,18.82,3.153,50.39,-27.8,0.288,941.29,1.03,tanker,15.82,21.82,3.003,3.303,LSTM,0.65
2027-03-05,Urals,REF_002,18.96,3.086,35.85,10.0,0.607,940.47,1.0,tanker,15.76,22.16,2.926,3.246,ARIMA,0.62
2027-04-04,Urals,REF_002,20.67,3.091,40.1,-29.3,0.373,929.87,1.0,tanker,17.27,24.07,2.921,3.261,Prophet,0.6
2026-05-09,Urals,REF_003,21.69,3.0,13.73,-1.9,0.804,923.68,1.01,tanker,20.49,22.89,2.94,3.06,ARIMA,0.92
2026-06-08,Urals,REF_003,21.3,2.963,49.46,-8.2,1.524,926.03,1.0,tanker,19.9,22.7,2.893,3.033,ARIMA,0.89
2026-07-08,Urals,REF_003,21.04,2.975,18.52,19.9,0.871,927.63,1.0,tanker,19.44,22.64,2.895,3.055,Prophet,0.86
2026-08-07,Urals,REF_003,20.75,2.943,12.15,18.3,1.197,929.41,1.0,tanker,18.95,22.55,2.853,3.033,ARIMA,0.83
2026-09-06,Urals,REF_003,22.94,3.026,19.99,-21.0,0.631,916.2,1.0,tanker,20.94,24.94,2.926,3.126,Prophet,0.8
2026-10-06,Urals,REF_003,21.96,2.913,49.32,-26.4,0.949,922.04,1.0,tanker,19.76,24.16,2.803,3.023,Ensemble,0.77
2026-11-05,Urals,REF_003,23.15,3.0,15.23,13.6,1.621,914.99,1.0,tanker,20.75,25.55,2.88,3.12,Prophet,0.74
2026-12-05,Urals,REF_003,23.92,2.939,14.98,1.6,0.912,910.45,1.0,tanker,21.32,26.52,2.809,3.069,LSTM,0.71
2027-01-04,Urals,REF_003,20.58,3.37,22.76,4.8,1.44,930.45,1.08,tanker,17.78,23.38,3.23,3.51,Ensemble,0.68
2027-02-03,Urals,REF_003,20.81,3.116,10.81,-24.6,0.637,929.0,1.0,tanker,17.81,23.81,2.966,3.266,LSTM,0.65
2027-03-05,Urals,REF_003,20.81,3.092,38.54,15.3,0.851,929.06,1.0,tanker,17.61,24.01,2.932,3.252,Prophet,0.62
2027-04-04,Urals,REF_003,22.25,3.195,8.59,-7.0,0.853,920.31,1.0,tanker,18.85,25.65,3.025,3.365,ARIMA,0.6
2026-05-09,Urals,REF_004,20.01,3.203,27.28,-12.8,1.586,933.93,1.08,pipeline,18.81,21.21,3.143,3.263,Prophet,0.92
2026-06-08,Urals,REF_004,19.63,3.243,23.17,3.2,1.279,936.27,1.09,pipeline,18.23,21.03,3.173,3.313,Prophet,0.89
2026-07-08,Urals,REF_004,20.06,3.083,31.87,8.3,0.358,933.65,1.05,pipeline,18.46,21.66,3.003,3.163,Prophet,0.86
2026-08-07,Urals,REF_004,19.0,3.187,44.99,-4.0,0.182,940.2,1.09,pipeline,17.2,20.8,3.097,3.277,ARIMA,0.83
2026-09-06,Urals,REF_004,21.17,3.046,39.05,-26.6,1.286,926.87,1.06,pipeline,19.17,23.17,2.946,3.146,Prophet,0.8
2026-10-06,Urals,REF_004,19.58,3.19,32.68,-13.2,0.799,936.59,1.06,pipeline,17.38,21.78,3.08,3.3,Ensemble,0.77
2026-11-05,Urals,REF_004,17.61,3.474,17.82,-26.1,1.522,948.94,1.13,pipeline,15.21,20.01,3.354,3.594,ARIMA,0.74
2026-12-05,Urals,REF_004,18.99,3.008,20.22,-2.6,1.632,940.25,1.04,pipeline,16.39,21.59,2.878,3.138,Ensemble,0.71
2027-01-04,Urals,REF_004,18.73,3.312,33.96,-8.2,1.657,941.91,1.14,pipeline,15.93,21.53,3.172,3.452,ARIMA,0.68
2027-02-03,Urals,REF_004,23.06,3.008,27.81,4.7,0.944,915.48,1.0,pipeline,20.06,26.06,2.858,3.158,LSTM,0.65
2027-03-05,Urals,REF_004,18.3,3.276,45.99,-13.5,0.461,944.62,1.11,pipeline,15.1,21.5,3.116,3.436,Ensemble,0.62
2027-04-04,Urals,REF_004,17.49,3.627,15.94,-8.0,1.752,949.76,1.15,pipeline,14.09,20.89,3.457,3.797,Prophet,0.6
2026-05-09,Urals,REF_005,20.75,3.102,35.74,-19.8,1.487,929.38,1.05,pipeline,19.55,21.95,3.042,3.162,ARIMA,0.92
2026-06-08,Urals,REF_005,21.01,3.173,46.79,3.7,0.451,927.81,1.06,pipeline,19.61,22.41,3.103,3.243,LSTM,0.89
2026-07-08,Urals,REF_005,20.77,3.158,24.12,-28.4,0.833,929.26,1.06,pipeline,19.17,22.37,3.078,3.238,Ensemble,0.86
2026-08-07,Urals,REF_005,22.48,3.049,40.64,-27.1,0.435,918.95,1.01,pipeline,20.68,24.28,2.959,3.139,LSTM,0.83
2026-09-06,Urals,REF_005,21.2,3.096,42.58,7.6,1.628,926.63,1.04,pipeline,19.2,23.2,2.996,3.196,Ensemble,0.8
2026-10-06,Urals,REF_005,23.07,2.988,38.25,-20.8,1.686,915.46,1.01,pipeline,20.87,25.27,2.878,3.098,Prophet,0.77
2026-11-05,Urals,REF_005,22.65,2.984,26.81,-8.8,1.087,917.94,1.0,pipeline,20.25,25.05,2.864,3.104,LSTM,0.74
2026-12-05,Urals,REF_005,20.84,3.144,14.38,-21.1,1.306,928.83,1.08,pipeline,18.24,23.44,3.014,3.274,Ensemble,0.71
2027-01-04,Urals,REF_005,19.6,2.98,47.88,-0.0,1.505,936.48,1.06,pipeline,16.8,22.4,2.84,3.12,LSTM,0.68
2027-02-03,Urals,REF_005,23.05,3.085,21.73,9.5,0.943,915.55,1.0,pipeline,20.05,26.05,2.935,3.235,Ensemble,0.65
2027-03-05,Urals,REF_005,23.18,3.058,36.51,15.8,0.763,914.77,1.0,pipeline,19.98,26.38,2.898,3.218,Ensemble,0.62
2027-04-04,Urals,REF_005,19.9,3.489,44.98,13.3,0.686,934.61,1.15,pipeline,16.5,23.3,3.319,3.659,LSTM,0.6
2026-05-09,Maya,REF_001,22.75,4.091,11.33,-1.1,0.781,917.35,1.09,rail,21.55,23.95,4.031,4.151,ARIMA,0.92
2026-06-08,Maya,REF_001,22.44,4.086,45.47,19.9,0.963,919.17,1.09,rail,21.04,23.84,4.016,4.156,LSTM,0.89
2026-07-08,Maya,REF_001,23.06,3.952,29.81,12.4,1.239,915.5,1.08,rail,21.46,24.66,3.872,4.032,Ensemble,0.86
2026-08-07,Maya,REF_001,21.93,4.211,12.04,16.3,0.538,922.23,1.12,rail,20.13,23.73,4.121,4.301,LSTM,0.83
2026-09-06,Maya,REF_001,21.26,4.261,6.27,6.5,1.997,926.26,1.12,rail,19.26,23.26,4.161,4.361,Ensemble,0.8
2026-10-06,Maya,REF_001,21.52,4.169,45.47,-26.3,1.035,924.73,1.09,rail,19.32,23.72,4.059,4.279,Ensemble,0.77
2026-11-05,Maya,REF_001,23.56,4.186,9.56,-8.7,2.036,912.57,1.15,rail,21.16,25.96,4.066,4.306,Ensemble,0.74
2026-12-05,Maya,REF_001,22.2,4.081,40.93,-16.2,1.887,920.63,1.07,rail,19.6,24.8,3.951,4.211,Ensemble,0.71
2027-01-04,Maya,REF_001,24.11,4.109,52.76,-13.4,1.234,909.34,1.09,rail,21.31,26.91,3.969,4.249,Prophet,0.68
2027-02-03,Maya,REF_001,23.17,4.155,15.5,-9.5,1.233,914.87,1.11,rail,20.17,26.17,4.005,4.305,ARIMA,0.65
2027-03-05,Maya,REF_001,19.17,4.258,38.66,-29.6,1.419,939.15,1.15,rail,15.97,22.37,4.098,4.418,Prophet,0.62
2027-04-04,Maya,REF_001,25.04,3.634,13.46,-15.3,1.45,903.91,1.04,rail,21.64,28.44,3.464,3.804,LSTM,0.6
2026-05-09,Maya,REF_002,24.22,3.825,25.92,7.3,1.187,908.67,1.03,pipeline,23.02,25.42,3.765,3.885,Ensemble,0.92
2026-06-08,Maya,REF_002,23.89,3.842,27.86,-12.5,1.944,910.59,1.03,pipeline,22.49,25.29,3.772,3.912,Prophet,0.89
2026-07-08,Maya,REF_002,24.48,3.817,45.21,13.3,0.733,907.15,1.03,pipeline,22.88,26.08,3.737,3.897,Ensemble,0.86
2026-08-07,Maya,REF_002,23.56,3.808,39.04,18.1,0.831,912.53,1.02,pipeline,21.76,25.36,3.718,3.898,LSTM,0.83
2026-09-06,Maya,REF_002,23.89,3.685,14.52,17.6,0.879,910.63,1.0,pipeline,21.89,25.89,3.585,3.785,Prophet,0.8
2026-10-06,Maya,REF_002,24.55,3.869,47.94,-8.7,1.9,906.76,1.02,pipeline,22.35,26.75,3.759,3.979,ARIMA,0.77
2026-11-05,Maya,REF_002,22.05,4.0,31.36,-16.1,1.815,921.52,1.09,pipeline,19.65,24.45,3.88,4.12,LSTM,0.74
2026-12-05,Maya,REF_002,24.63,4.079,47.91,-4.5,1.364,906.3,1.09,pipeline,22.03,27.23,3.949,4.209,LSTM,0.71
2027-01-04,Maya,REF_002,24.52,3.555,42.78,-21.1,1.38,906.96,1.0,pipeline,21.72,27.32,3.415,3.695,ARIMA,0.68
2027-02-03,Maya,REF_002,22.26,3.823,16.64,-23.8,1.428,920.29,1.0,pipeline,19.26,25.26,3.673,3.973,Prophet,0.65
2027-03-05,Maya,REF_002,22.05,4.029,9.12,11.4,0.655,921.54,1.08,pipeline,18.85,25.25,3.869,4.189,LSTM,0.62
2027-04-04,Maya,REF_002,23.0,3.526,45.34,19.0,1.914,915.83,1.0,pipeline,19.6,26.4,3.356,3.696,Prophet,0.6
2026-05-09,Maya,REF_003,22.2,4.226,25.55,2.0,2.005,920.64,1.14,rail,21.0,23.4,4.166,4.286,Prophet,0.92
2026-06-08,Maya,REF_003,22.49,4.223,55.02,-14.2,1.007,918.92,1.14,rail,21.09,23.89,4.153,4.293,Ensemble,0.89
2026-07-08,Maya,REF_003,22.29,4.284,26.62,-9.1,1.252,920.09,1.14,rail,20.69,23.89,4.204,4.364,Prophet,0.86
2026-08-07,Maya,REF_003,22.02,4.166,8.09,-6.8,1.9,921.7,1.13,rail,20.22,23.82,4.076,4.256,Ensemble,0.83
2026-09-06,Maya,REF_003,22.32,4.305,20.28,-11.7,0.312,919.91,1.15,rail,20.32,24.32,4.205,4.405,LSTM,0.8
2026-10-06,Maya,REF_003,21.53,4.225,33.71,14.3,2.031,924.65,1.15,rail,19.33,23.73,4.115,4.335,ARIMA,0.77
2026-11-05,Maya,REF_003,22.52,3.963,9.2,0.2,0.503,918.74,1.09,rail,20.12,24.92,3.843,4.083,Ensemble,0.74
2026-12-05,Maya,REF_003,20.21,4.27,12.08,-7.9,0.218,932.71,1.15,rail,17.61,22.81,4.14,4.4,Prophet,0.71
2027-01-04,Maya,REF_003,22.46,4.137,38.53,-9.8,1.13,919.09,1.15,rail,19.66,25.26,3.997,4.277,Ensemble,0.68
2027-02-03,Maya,REF_003,22.24,3.898,10.44,16.6,0.502,920.4,1.09,rail,19.24,25.24,3.748,4.048,Ensemble,0.65
2027-03-05,Maya,REF_003,23.52,4.124,23.98,-23.7,1.297,912.8,1.15,rail,20.32,26.72,3.964,4.284,LSTM,0.62
2027-04-04,Maya,REF_003,23.36,3.86,27.06,7.9,0.958,913.74,1.07,rail,19.96,26.76,3.69,4.03,LSTM,0.6
2026-05-09,Maya,REF_004,24.63,3.773,24.61,-7.3,0.673,906.28,1.02,tanker,23.43,25.83,3.713,3.833,LSTM,0.92
2026-06-08,Maya,REF_004,24.48,3.729,23.73,-12.4,1.132,907.19,1.01,tanker,23.08,25.88,3.659,3.799,LSTM,0.89
2026-07-08,Maya,REF_004,23.99,3.739,21.79,1.3,0.993,910.03,1.01,tanker,22.39,25.59,3.659,3.819,LSTM,0.86
2026-08-07,Maya,REF_004,23.85,3.79,23.19,-6.0,0.482,910.86,1.02,tanker,22.05,25.65,3.7,3.88,ARIMA,0.83
2026-09-06,Maya,REF_004,23.56,3.922,46.73,-12.5,1.443,912.53,1.03,tanker,21.56,25.56,3.822,4.022,LSTM,0.8
2026-10-06,Maya,REF_004,23.43,3.757,21.8,15.4,0.166,913.33,1.0,tanker,21.23,25.63,3.647,3.867,Prophet,0.77
2026-11-05,Maya,REF_004,24.98,3.808,34.12,18.3,1.702,904.26,1.0,tanker,22.58,27.38,3.688,3.928,Ensemble,0.74
2026-12-05,Maya,REF_004,21.64,3.896,6.51,-27.8,0.167,924.0,1.07,tanker,19.04,24.24,3.766,4.026,Prophet,0.71
2027-01-04,Maya,REF_004,24.22,4.049,8.94,14.8,0.889,908.66,1.05,tanker,21.42,27.02,3.909,4.189,ARIMA,0.68
2027-02-03,Maya,REF_004,22.27,3.924,17.0,3.7,1.36,920.21,1.02,tanker,19.27,25.27,3.774,4.074,LSTM,0.65
2027-03-05,Maya,REF_004,27.95,3.534,29.55,-25.6,0.941,887.45,1.0,tanker,24.75,31.15,3.374,3.694,LSTM,0.62
2027-04-04,Maya,REF_004,22.12,4.129,32.68,-26.8,1.393,921.09,1.09,tanker,18.72,25.52,3.959,4.299,Ensemble,0.6
2026-05-09,Maya,REF_005,22.07,4.242,6.2,0.7,0.379,921.39,1.14,rail,20.87,23.27,4.182,4.302,LSTM,0.92
2026-06-08,Maya,REF_005,21.61,4.265,33.94,-13.7,2.002,924.15,1.15,rail,20.21,23.01,4.195,4.335,Ensemble,0.89
2026-07-08,Maya,REF_005,22.35,4.246,32.03,2.4,1.349,919.74,1.15,rail,20.75,23.95,4.166,4.326,LSTM,0.86
2026-08-07,Maya,REF_005,22.28,4.307,7.39,-12.3,0.871,920.17,1.15,rail,20.48,24.08,4.217,4.397,LSTM,0.83
2026-09-06,Maya,REF_005,22.47,4.195,57.01,0.3,0.909,919.01,1.15,rail,20.47,24.47,4.095,4.295,ARIMA,0.8
2026-10-06,Maya,REF_005,20.71,4.155,44.33,-8.1,1.052,929.64,1.15,rail,18.51,22.91,4.045,4.265,Prophet,0.77
2026-11-05,Maya,REF_005,23.16,4.126,15.2,-11.5,1.928,914.89,1.12,rail,20.76,25.56,4.006,4.246,ARIMA,0.74
2026-12-05,Maya,REF_005,23.21,4.465,19.5,12.1,1.003,914.6,1.15,rail,20.61,25.81,4.335,4.595,ARIMA,0.71
2027-01-04,Maya,REF_005,24.12,4.044,36.7,4.4,1.654,909.24,1.08,rail,21.32,26.92,3.904,4.184,LSTM,0.68
2027-02-03,Maya,REF_005,22.71,4.138,40.29,-29.6,1.935,917.61,1.15,rail,19.71,25.71,3.988,4.288,Prophet,0.65
2027-03-05,Maya,REF_005,20.55,4.32,8.83,18.0,0.355,930.62,1.15,rail,17.35,23.75,4.16,4.48,Prophet,0.62
2027-04-04,Maya,REF_005,21.1,4.3,6.78,-27.0,1.42,927.26,1.15,rail,17.7,24.5,4.13,4.47,Ensemble,0.6
2026-05-09,Bonny Light,REF_001,40.17,0.234,8.81,15.1,1.726,824.23,1.01,tanker,38.97,41.37,0.174,0.294,Ensemble,0.92
2026-06-08,Bonny Light,REF_001,40.21,0.221,27.86,-13.2,1.49,824.08,1.02,tanker,38.81,41.61,0.151,0.291,Ensemble,0.89
2026-07-08,Bonny Light,REF_001,39.57,0.242,35.6,4.8,0.775,827.15,1.03,tanker,37.97,41.17,0.162,0.322,Prophet,0.86
2026-08-07,Bonny Light,REF_001,40.34,0.144,23.49,-4.3,0.224,823.43,1.0,tanker,38.54,42.14,0.054,0.234,LSTM,0.83
2026-09-06,Bonny Light,REF_001,39.52,0.185,45.8,19.7,0.902,827.4,1.0,tanker,37.52,41.52,0.085,0.285,Ensemble,0.8
2026-10-06,Bonny Light,REF_001,40.35,0.093,20.72,-26.4,1.513,823.41,1.0,tanker,38.15,42.55,0.0,0.203,LSTM,0.77
2026-11-05,Bonny Light,REF_001,40.07,0.308,33.5,-21.7,0.719,824.72,1.0,tanker,37.67,42.47,0.188,0.428,ARIMA,0.74
2026-12-05,Bonny Light,REF_001,36.72,0.241,31.22,13.7,0.209,841.18,1.07,tanker,34.12,39.32,0.111,0.371,Prophet,0.71
2027-01-04,Bonny Light,REF_001,39.48,0.281,40.21,-21.6,1.643,827.58,1.0,tanker,36.68,42.28,0.141,0.421,Prophet,0.68
2027-02-03,Bonny Light,REF_001,43.1,0.275,10.09,-0.9,0.705,810.41,1.0,tanker,40.1,46.1,0.125,0.425,LSTM,0.65
2027-03-05,Bonny Light,REF_001,43.1,0.069,24.14,-8.3,1.15,810.41,1.0,tanker,39.9,46.3,0.0,0.229,Ensemble,0.62
2027-04-04,Bonny Light,REF_001,33.56,-0.022,26.75,-0.5,0.696,857.27,1.11,tanker,30.16,36.96,0.0,0.148,ARIMA,0.6
2026-05-09,Bonny Light,REF_002,36.0,0.255,39.87,-11.9,1.567,844.78,1.12,rail,34.8,37.2,0.195,0.315,Prophet,0.92
2026-06-08,Bonny Light,REF_002,36.06,0.238,41.77,-14.0,0.369,844.45,1.11,rail,34.66,37.46,0.168,0.308,Ensemble,0.89
2026-07-08,Bonny Light,REF_002,35.35,0.176,45.89,-29.9,0.85,848.08,1.13,rail,33.75,36.95,0.096,0.256,Prophet,0.86
2026-08-07,Bonny Light,REF_002,36.26,0.297,38.8,-16.8,0.24,843.49,1.12,rail,34.46,38.06,0.207,0.387,Prophet,0.83
2026-09-06,Bonny Light,REF_002,37.32,0.271,8.05,-27.0,1.732,838.15,1.09,rail,35.32,39.32,0.171,0.371,ARIMA,0.8
2026-10-06,Bonny Light,REF_002,37.26,0.144,21.72,-16.7,1.091,838.46,1.09,rail,35.06,39.46,0.034,0.254,Ensemble,0.77
2026-11-05,Bonny Light,REF_002,37.35,0.165,21.8,-4.2,0.453,838.01,1.08,rail,34.95,39.75,0.045,0.285,LSTM,0.74
2026-12-05,Bonny Light,REF_002,37.87,0.221,12.9,-9.0,0.386,835.47,1.1,rail,35.27,40.47,0.091,0.351,Ensemble,0.71
2027-01-04,Bonny Light,REF_002,37.53,0.299,46.81,-29.3,2.039,837.11,1.15,rail,34.73,40.33,0.159,0.439,LSTM,0.68
2027-02-03,Bonny Light,REF_002,37.14,0.41,26.31,9.5,1.09,839.08,1.05,rail,34.14,40.14,0.26,0.56,ARIMA,0.65
2027-03-05,Bonny Light,REF_002,36.61,0.419,43.07,-19.4,1.12,841.7,1.14,rail,33.41,39.81,0.259,0.579,Prophet,0.62
2027-04-04,Bonny Light,REF_002,32.35,0.327,30.46,-22.3,1.739,863.62,1.15,rail,28.95,35.75,0.157,0.497,ARIMA,0.6
2026-05-09,Bonny Light,REF_003,38.17,0.239,42.06,3.1,1.914,833.98,1.06,pipeline,36.97,39.37,0.179,0.299,ARIMA,0.92
2026-06-08,Bonny Light,REF_003,39.1,0.211,18.8,-12.4,0.532,829.44,1.05,pipeline,37.7,40.5,0.141,0.281,Prophet,0.89
2026-07-08,Bonny Light,REF_003,38.32,0.261,18.0,-29.2,0.924,833.26,1.06,pipeline,36.72,39.92,0.181,0.341,Ensemble,0.86
2026-08-07,Bonny Light,REF_003,39.39,0.268,38.91,11.4,0.305,828.03,1.05,pipeline,37.59,41.19,0.178,0.358,Ensemble,0.83
2026-09-06,Bonny Light,REF_003,39.44,0.168,48.85,-4.4,0.356,827.79,1.03,pipeline,37.44,41.44,0.068,0.268,Prophet,0.8
2026-10-06,Bonny Light,REF_003,37.81,0.12,23.11,19.6,1.223,835.75,1.04,pipeline,35.61,40.01,0.01,0.23,Prophet,0.77
2026-11-05,Bonny Light,REF_003,40.29,0.346,49.84,10.6,0.698,823.7,1.05,pipeline,37.89,42.69,0.226,0.466,ARIMA,0.74
2026-12-05,Bonny Light,REF_003,35.35,0.274,11.08,-22.9,1.992,848.05,1.13,pipeline,32.75,37.95,0.144,0.404,Prophet,0.71
2027-01-04,Bonny Light,REF_003,39.87,0.258,36.18,2.1,1.357,825.7,1.07,pipeline,37.07,42.67,0.118,0.398,Ensemble,0.68
2027-02-03,Bonny Light,REF_003,38.75,0.171,12.14,-22.8,1.729,831.15,1.12,pipeline,35.75,41.75,0.021,0.321,Ensemble,0.65
2027-03-05,Bonny Light,REF_003,37.01,0.128,41.29,7.8,1.043,839.73,1.05,pipeline,33.81,40.21,0.0,0.288,LSTM,0.62
2027-04-04,Bonny Light,REF_003,40.08,0.29,39.92,-4.0,1.103,824.69,1.03,pipeline,36.68,43.48,0.12,0.46,LSTM,0.6
2026-05-09,Bonny Light,REF_004,38.16,0.216,31.45,-12.0,1.193,834.03,1.06,pipeline,36.96,39.36,0.156,0.276,ARIMA,0.92
2026-06-08,Bonny Light,REF_004,38.09,0.24,44.7,19.3,1.366,834.38,1.08,pipeline,36.69,39.49,0.17,0.31,Prophet,0.89
2026-07-08,Bonny Light,REF_004,37.14,0.278,48.97,2.5,1.694,839.06,1.08,pipeline,35.54,38.74,0.198,0.358,Ensemble,0.86
2026-08-07,Bonny Light,REF_004,38.55,0.294,10.51,11.4,0.667,832.11,1.07,pipeline,36.75,40.35,0.204,0.384,Prophet,0.83
2026-09-06,Bonny Light,REF_004,40.5,0.201,44.58,-17.5,0.716,822.68,1.03,pipeline,38.5,42.5,0.101,0.301,Ensemble,0.8
2026-10-06,Bonny Light,REF_004,38.47,0.31,28.94,-1.6,0.123,832.51,1.1,pipeline,36.27,40.67,0.2,0.42,Ensemble,0.77
2026-11-05,Bonny Light,REF_004,40.53,0.091,44.77,7.7,0.819,822.53,1.0,pipeline,38.13,42.93,0.0,0.211,Prophet,0.74
2026-12-05,Bonny Light,REF_004,36.4,0.11,39.86,17.0,1.318,842.75,1.11,pipeline,33.8,39.0,0.0,0.24,LSTM,0.71
2027-01-04,Bonny Light,REF_004,40.37,0.388,22.58,9.0,1.973,823.27,1.07,pipeline,37.57,43.17,0.248,0.528,Prophet,0.68
2027-02-03,Bonny Light,REF_004,39.76,0.174,52.13,-9.7,1.187,826.25,1.04,pipeline,36.76,42.76,0.024,0.324,ARIMA,0.65
2027-03-05,Bonny Light,REF_004,35.6,0.111,32.4,-0.8,1.278,846.82,1.07,pipeline,32.4,38.8,0.0,0.271,LSTM,0.62
2027-04-04,Bonny Light,REF_004,34.44,0.322,19.26,4.5,1.622,852.71,1.14,pipeline,31.04,37.84,0.152,0.492,LSTM,0.6
2026-05-09,Bonny Light,REF_005,39.66,0.216,25.77,8.7,0.265,826.71,1.02,tanker,38.46,40.86,0.156,0.276,LSTM,0.92
2026-06-08,Bonny Light,REF_005,39.99,0.208,43.43,-5.9,1.843,825.13,1.02,tanker,38.59,41.39,0.138,0.278,LSTM,0.89
2026-07-08,Bonny Light,REF_005,40.84,0.192,17.49,-5.3,1.853,821.04,1.01,tanker,39.24,42.44,0.112,0.272,ARIMA,0.86
2026-08-07,Bonny Light,REF_005,40.45,0.279,8.6,-23.1,1.277,822.93,1.03,tanker,38.65,42.25,0.189,0.369,Prophet,0.83
2026-09-06,Bonny Light,REF_005,41.31,0.257,30.68,-29.0,0.551,818.8,1.01,tanker,39.31,43.31,0.157,0.357,LSTM,0.8
2026-10-06,Bonny Light,REF_005,36.78,0.11,31.35,19.7,0.791,840.86,1.05,tanker,34.58,38.98,0.0,0.22,Prophet,0.77
2026-11-05,Bonny Light,REF_005,40.61,0.211,48.17,-3.9,0.504,822.14,1.01,tanker,38.21,43.01,0.091,0.331,Ensemble,0.74
2026-12-05,Bonny Light,REF_005,40.58,0.32,36.54,0.8,1.754,822.27,1.02,tanker,37.98,43.18,0.19,0.45,Prophet,0.71
2027-01-04,Bonny Light,REF_005,37.71,0.144,16.27,-9.3,0.711,836.23,1.01,tanker,34.91,40.51,0.004,0.284,Ensemble,0.68
2027-02-03,Bonny Light,REF_005,37.18,0.356,25.32,19.6,0.588,838.89,1.1,tanker,34.18,40.18,0.206,0.506,ARIMA,0.65
2027-03-05,Bonny Light,REF_005,38.95,0.009,6.93,11.9,1.297,830.14,1.09,tanker,35.75,42.15,0.0,0.169,LSTM,0.62
2027-04-04,Bonny Light,REF_005,38.66,0.332,41.1,-20.7,0.327,831.57,1.06,tanker,35.26,42.06,0.162,0.502,LSTM,0.6
2026-05-09,Arab Light,REF_001,32.28,1.743,29.71,-19.0,1.304,863.94,1.03,tanker,31.08,33.48,1.683,1.803,Prophet,0.92
2026-06-08,Arab Light,REF_001,33.03,1.695,6.85,11.7,0.823,860.04,1.01,tanker,31.63,34.43,1.625,1.765,Ensemble,0.89
2026-07-08,Arab Light,REF_001,32.17,1.79,19.22,7.7,1.033,864.53,1.03,tanker,30.57,33.77,1.71,1.87,Prophet,0.86
2026-08-07,Arab Light,REF_001,33.35,1.737,28.18,18.0,1.706,858.36,1.0,tanker,31.55,35.15,1.647,1.827,ARIMA,0.83
2026-09-06,Arab Light,REF_001,31.22,1.668,19.92,12.6,1.73,869.58,1.02,tanker,29.22,33.22,1.568,1.768,Ensemble,0.8
2026-10-06,Arab Light,REF_001,30.17,1.717,11.3,-22.3,0.683,875.23,1.05,tanker,27.97,32.37,1.607,1.827,LSTM,0.77
2026-11-05,Arab Light,REF_001,34.04,1.597,22.2,-11.1,0.552,854.77,1.0,tanker,31.64,36.44,1.477,1.717,Prophet,0.74
2026-12-05,Arab Light,REF_001,32.21,1.603,22.7,-25.6,1.371,864.31,1.0,tanker,29.61,34.81,1.473,1.733,Ensemble,0.71
2027-01-04,Arab Light,REF_001,34.36,1.654,19.23,17.0,0.599,853.13,1.0,tanker,31.56,37.16,1.514,1.794,Ensemble,0.68
2027-02-03,Arab Light,REF_001,27.81,2.061,50.74,-24.1,0.496,888.22,1.1,tanker,24.81,30.81,1.911,2.211,Prophet,0.65
2027-03-05,Arab Light,REF_001,31.18,1.787,18.01,-26.3,0.771,869.82,1.06,tanker,27.98,34.38,1.627,1.947,LSTM,0.62
2027-04-04,Arab Light,REF_001,33.35,1.738,13.41,6.9,1.696,858.33,1.08,tanker,29.95,36.75,1.568,1.908,Ensemble,0.6
2026-05-09,Arab Light,REF_002,31.11,1.818,24.94,-7.7,0.364,870.19,1.07,rail,29.91,32.31,1.758,1.878,LSTM,0.92
2026-06-08,Arab Light,REF_002,31.41,1.745,51.75,11.8,0.135,868.58,1.05,rail,30.01,32.81,1.675,1.815,LSTM,0.89
2026-07-08,Arab Light,REF_002,31.18,1.786,9.44,12.1,0.62,869.79,1.08,rail,29.58,32.78,1.706,1.866,Prophet,0.86
2026-08-07,Arab Light,REF_002,32.22,1.849,42.56,-12.2,0.124,864.26,1.07,rail,30.42,34.02,1.759,1.939,Ensemble,0.83
2026-09-06,Arab Light,REF_002,32.9,1.815,44.72,-5.0,0.427,860.73,1.05,rail,30.9,34.9,1.715,1.915,LSTM,0.8
2026-10-06,Arab Light,REF_002,32.37,1.747,48.57,-2.8,1.044,863.47,1.06,rail,30.17,34.57,1.637,1.857,Ensemble,0.77
2026-11-05,Arab Light,REF_002,31.65,1.882,28.47,-26.2,1.123,867.3,1.08,rail,29.25,34.05,1.762,2.002,LSTM,0.74
2026-12-05,Arab Light,REF_002,31.58,1.909,17.94,11.4,0.963,867.69,1.08,rail,28.98,34.18,1.779,2.039,Prophet,0.71
2027-01-04,Arab Light,REF_002,31.43,1.723,24.98,-2.6,1.772,868.49,1.0,rail,28.63,34.23,1.583,1.863,ARIMA,0.68
2027-02-03,Arab Light,REF_002,31.64,1.753,42.81,-23.5,1.28,867.36,1.08,rail,28.64,34.64,1.603,1.903,Ensemble,0.65
2027-03-05,Arab Light,REF_002,30.91,1.622,8.05,-18.0,1.347,871.23,1.0,rail,27.71,34.11,1.462,1.782,ARIMA,0.62
2027-04-04,Arab Light,REF_002,35.94,1.672,47.82,-10.4,1.927,845.08,1.01,rail,32.54,39.34,1.502,1.842,ARIMA,0.6
2026-05-09,Arab Light,REF_003,32.89,1.719,45.28,-20.6,0.867,860.76,1.01,tanker,31.69,34.09,1.659,1.779,LSTM,0.92
2026-06-08,Arab Light,REF_003,33.0,1.665,22.29,-21.3,0.144,860.21,1.01,tanker,31.6,34.4,1.595,1.735,ARIMA,0.89
2026-07-08,Arab Light,REF_003,34.06,1.682,7.89,-13.9,0.768,854.67,1.0,tanker,32.46,35.66,1.602,1.762,LSTM,0.86
2026-08-07,Arab Light,REF_003,33.19,1.686,20.97,4.8,0.449,859.19,1.0,tanker,31.39,34.99,1.596,1.776,Prophet,0.83
2026-09-06,Arab Light,REF_003,32.02,1.587,30.47,1.5,0.196,865.32,1.0,tanker,30.02,34.02,1.487,1.687,LSTM,0.8
2026-10-06,Arab Light,REF_003,34.96,1.763,24.4,9.2,0.876,850.07,1.0,tanker,32.76,37.16,1.653,1.873,ARIMA,0.77
2026-11-05,Arab Light,REF_003,29.99,1.801,11.43,4.0,0.613,876.22,1.09,tanker,27.59,32.39,1.681,1.921,Ensemble,0.74
2026-12-05,Arab Light,REF_003,29.99,1.801,45.25,2.2,0.844,876.22,1.08,tanker,27.39,32.59,1.671,1.931,Ensemble,0.71
2027-01-04,Arab Light,REF_003,29.79,1.745,17.45,-6.6,1.644,877.32,1.04,tanker,26.99,32.59,1.605,1.885,ARIMA,0.68
2027-02-03,Arab Light,REF_003,31.29,1.566,22.57,-1.6,1.48,869.2,1.03,tanker,28.29,34.29,1.416,1.716,Ensemble,0.65
2027-03-05,Arab Light,REF_003,34.19,1.667,48.4,-19.1,1.217,854.01,1.0,tanker,30.99,37.39,1.507,1.827,ARIMA,0.62
2027-04-04,Arab Light,REF_003,30.24,1.477,39.16,0.8,1.459,874.89,1.0,tanker,26.84,33.64,1.307,1.647,ARIMA,0.6
2026-05-09,Arab Light,REF_004,32.45,1.717,48.26,3.7,0.597,863.09,1.02,pipeline,31.25,33.65,1.657,1.777,ARIMA,0.92
2026-06-08,Arab Light,REF_004,31.74,1.757,37.15,8.4,1.05,866.83,1.05,pipeline,30.34,33.14,1.687,1.827,Ensemble,0.89
2026-07-08,Arab Light,REF_004,31.04,1.736,33.65,-19.7,1.443,870.55,1.05,pipeline,29.44,32.64,1.656,1.816,ARIMA,0.86
2026-08-07,Arab Light,REF_004,33.16,1.724,50.59,-22.7,0.184,859.33,1.04,pipeline,31.36,34.96,1.634,1.814,LSTM,0.83
2026-09-06,Arab Light,REF_004,33.2,1.821,41.26,-5.0,1.732,859.12,1.04,pipeline,31.2,35.2,1.721,1.921,Ensemble,0.8
2026-10-06,Arab Light,REF_004,34.24,1.705,46.17,-11.8,1.967,853.76,1.0,pipeline,32.04,36.44,1.595,1.815,Prophet,0.77
2026-11-05,Arab Light,REF_004,34.55,1.725,6.59,1.3,1.517,852.14,1.02,pipeline,32.15,36.95,1.605,1.845,Prophet,0.74
2026-12-05,Arab Light,REF_004,31.19,1.664,38.97,-27.0,1.779,869.76,1.08,pipeline,28.59,33.79,1.534,1.794,Ensemble,0.71
2027-01-04,Arab Light,REF_004,32.26,1.777,23.56,-26.8,1.212,864.04,1.0,pipeline,29.46,35.06,1.637,1.917,Ensemble,0.68
2027-02-03,Arab Light,REF_004,35.23,1.675,19.51,-1.9,0.596,848.67,1.0,pipeline,32.23,38.23,1.525,1.825,Prophet,0.65
2027-03-05,Arab Light,REF_004,32.95,1.474,36.21,14.2,1.956,860.42,1.0,pipeline,29.75,36.15,1.314,1.634,Prophet,0.62
2027-04-04,Arab Light,REF_004,35.06,1.732,45.61,-20.0,1.543,849.57,1.0,pipeline,31.66,38.46,1.562,1.902,LSTM,0.6
2026-05-09,Arab Light,REF_005,32.88,1.723,43.69,17.1,1.209,860.83,1.02,tanker,31.68,34.08,1.663,1.783,Prophet,0.92
2026-06-08,Arab Light,REF_005,32.61,1.669,7.32,7.7,0.553,862.2,1.01,tanker,31.21,34.01,1.599,1.739,LSTM,0.89
2026-07-08,Arab Light,REF_005,31.49,1.808,9.94,0.1,1.391,868.14,1.04,tanker,29.89,33.09,1.728,1.888,ARIMA,0.86
2026-08-07,Arab Light,REF_005,33.41,1.629,13.81,-10.3,0.292,858.04,1.0,tanker,31.61,35.21,1.539,1.719,ARIMA,0.83
2026-09-06,Arab Light,REF_005,33.35,1.818,26.56,-25.6,1.661,858.36,1.03,tanker,31.35,35.35,1.718,1.918,Ensemble,0.8
2026-10-06,Arab Light,REF_005,31.09,1.848,13.87,-23.8,0.194,870.29,1.05,tanker,28.89,33.29,1.738,1.958,ARIMA,0.77
2026-11-05,Arab Light,REF_005,32.94,1.652,45.79,-26.4,1.608,860.47,1.06,tanker,30.54,35.34,1.532,1.772,ARIMA,0.74
2026-12-05,Arab Light,REF_005,34.49,1.858,19.92,-9.1,1.49,852.46,1.02,tanker,31.89,37.09,1.728,1.988,Prophet,0.71
2027-01-04,Arab Light,REF_005,32.25,1.956,41.9,16.9,1.291,864.15,1.08,tanker,29.45,35.05,1.816,2.096,Ensemble,0.68
2027-02-03,Arab Light,REF_005,29.0,1.961,44.16,-5.1,0.59,881.63,1.08,tanker,26.0,32.0,1.811,2.111,ARIMA,0.65
2027-03-05,Arab Light,REF_005,35.44,1.887,7.48,-18.3,0.46,847.63,1.0,tanker,32.24,38.64,1.727,2.047,Prophet,0.62
2027-04-04,Arab Light,REF_005,31.82,2.089,47.32,-14.5,2.02,866.37,1.13,tanker,28.42,35.22,1.919,2.259,Ensemble,0.6
2026-05-09,Forties,REF_001,19.82,3.729,32.99,-6.9,0.307,935.11,1.09,rail,18.62,21.02,3.669,3.789,ARIMA,0.92
2026-06-08,Forties,REF_001,19.98,3.664,9.45,-7.7,1.495,934.13,1.08,rail,18.58,21.38,3.594,3.734,Prophet,0.89
2026-07-08,Forties,REF_001,19.81,3.773,15.1,1.6,1.979,935.16,1.11,rail,18.21,21.41,3.693,3.853,LSTM,0.86
2026-08-07,Forties,REF_001,19.28,3.854,41.78,-12.5,1.816,938.47,1.12,rail,17.48,21.08,3.764,3.944,LSTM,0.83
2026-09-06,Forties,REF_001,21.16,3.738,47.88,-28.0,1.464,926.89,1.08,rail,19.16,23.16,3.638,3.838,ARIMA,0.8
2026-10-06,Forties,REF_001,18.85,3.764,27.28,-21.4,0.962,941.14,1.09,rail,16.65,21.05,3.654,3.874,Ensemble,0.77
2026-11-05,Forties,REF_001,18.1,3.621,10.42,-16.9,0.621,945.86,1.09,rail,15.7,20.5,3.501,3.741,Prophet,0.74
2026-12-05,Forties,REF_001,20.07,3.418,6.07,-2.7,1.318,933.55,1.02,rail,17.47,22.67,3.288,3.548,LSTM,0.71
2027-01-04,Forties,REF_001,21.02,3.679,42.26,-3.0,1.882,927.73,1.13,rail,18.22,23.82,3.539,3.819,Prophet,0.68
2027-02-03,Forties,REF_001,18.48,3.459,8.07,-3.5,1.073,943.48,1.04,rail,15.48,21.48,3.309,3.609,Ensemble,0.65
2027-03-05,Forties,REF_001,18.02,4.122,55.41,17.2,2.042,946.37,1.15,rail,14.82,21.22,3.962,4.282,Prophet,0.62
2027-04-04,Forties,REF_001,16.31,3.953,40.88,-1.8,0.619,957.34,1.15,rail,12.91,19.71,3.783,4.123,LSTM,0.6
2026-05-09,Forties,REF_002,21.19,3.516,26.55,17.7,0.373,926.73,1.03,tanker,19.99,22.39,3.456,3.576,Ensemble,0.92
2026-06-08,Forties,REF_002,21.35,3.409,50.13,-8.6,1.367,925.73,1.01,tanker,19.95,22.75,3.339,3.479,LSTM,0.89
2026-07-08,Forties,REF_002,20.75,3.554,23.38,-24.7,1.905,929.41,1.05,tanker,19.15,22.35,3.474,3.634,ARIMA,0.86
2026-08-07,Forties,REF_002,19.94,3.544,26.47,-17.9,0.751,934.35,1.03,tanker,18.14,21.74,3.454,3.634,Ensemble,0.83
2026-09-06,Forties,REF_002,20.43,3.535,43.37,-17.6,0.712,931.37,1.04,tanker,18.43,22.43,3.435,3.635,LSTM,0.8
2026-10-06,Forties,REF_002,22.72,3.366,21.91,6.5,0.441,917.53,1.0,tanker,20.52,24.92,3.256,3.476,Ensemble,0.77
2026-11-05,Forties,REF_002,21.98,3.671,45.25,-9.3,1.042,921.94,1.08,tanker,19.58,24.38,3.551,3.791,LSTM,0.74
2026-12-05,Forties,REF_002,17.92,3.556,23.1,20.0,0.708,946.97,1.08,tanker,15.32,20.52,3.426,3.686,ARIMA,0.71
2027-01-04,Forties,REF_002,18.92,3.717,36.87,10.1,0.259,940.69,1.12,tanker,16.12,21.72,3.577,3.857,ARIMA,0.68
2027-02-03,Forties,REF_002,22.92,3.351,41.12,18.6,0.183,916.32,1.0,tanker,19.92,25.92,3.201,3.501,Ensemble,0.65
2027-03-05,Forties,REF_002,22.96,3.745,5.7,-16.7,1.953,916.08,1.07,tanker,19.76,26.16,3.585,3.905,Prophet,0.62
2027-04-04,Forties,REF_002,21.16,3.749,53.68,18.1,1.0,926.87,1.13,tanker,17.76,24.56,3.579,3.919,ARIMA,0.6
2026-05-09,Forties,REF_003,18.85,3.9,55.54,-18.4,1.834,941.15,1.14,rail,17.65,20.05,3.84,3.96,ARIMA,0.92
2026-06-08,Forties,REF_003,19.01,3.964,32.09,-15.4,0.889,940.12,1.15,rail,17.61,20.41,3.894,4.034,Prophet,0.89
2026-07-08,Forties,REF_003,18.74,3.897,40.93,-22.9,1.259,941.84,1.13,rail,17.14,20.34,3.817,3.977,Prophet,0.86
2026-08-07,Forties,REF_003,20.28,3.85,11.07,11.1,0.569,932.26,1.13,rail,18.48,22.08,3.76,3.94,Prophet,0.83
2026-09-06,Forties,REF_003,18.78,3.608,31.63,-13.2,1.945,941.55,1.08,rail,16.78,20.78,3.508,3.708,ARIMA,0.8
2026-10-06,Forties,REF_003,19.75,4.023,49.28,-9.0,2.011,935.55,1.15,rail,17.55,21.95,3.913,4.133,ARIMA,0.77
2026-11-05,Forties,REF_003,20.63,3.861,24.67,-21.0,1.169,930.11,1.12,rail,18.23,23.03,3.741,3.981,Ensemble,0.74
2026-12-05,Forties,REF_003,18.8,3.798,53.09,-12.2,0.701,941.43,1.07,rail,16.2,21.4,3.668,3.928,LSTM,0.71
2027-01-04,Forties,REF_003,20.57,4.13,42.31,2.3,2.133,930.51,1.15,rail,17.77,23.37,3.99,4.27,ARIMA,0.68
2027-02-03,Forties,REF_003,19.53,4.088,49.01,-0.5,1.497,936.93,1.15,rail,16.53,22.53,3.938,4.238,LSTM,0.65
2027-03-05,Forties,REF_003,20.89,4.068,36.47,-28.9,0.915,928.52,1.14,rail,17.69,24.09,3.908,4.228,ARIMA,0.62
2027-04-04,Forties,REF_003,18.63,3.688,32.89,-15.5,0.525,942.52,1.06,rail,15.23,22.03,3.518,3.858,Ensemble,0.6
2026-05-09,Forties,REF_004,21.48,3.489,41.25,6.0,1.814,924.94,1.02,pipeline,20.28,22.68,3.429,3.549,Prophet,0.92
2026-06-08,Forties,REF_004,20.51,3.562,49.4,5.0,1.749,930.89,1.04,pipeline,19.11,21.91,3.492,3.632,ARIMA,0.89
2026-07-08,Forties,REF_004,20.23,3.494,41.74,-20.1,0.16,932.55,1.04,pipeline,18.63,21.83,3.414,3.574,ARIMA,0.86
2026-08-07,Forties,REF_004,20.12,3.704,21.09,-24.1,1.361,933.28,1.06,pipeline,18.32,21.92,3.614,3.794,Ensemble,0.83
2026-09-06,Forties,REF_004,19.31,3.555,15.37,19.9,1.443,938.25,1.05,pipeline,17.31,21.31,3.455,3.655,Ensemble,0.8
2026-10-06,Forties,REF_004,20.21,3.663,28.07,5.8,1.206,932.67,1.05,pipeline,18.01,22.41,3.553,3.773,ARIMA,0.77
2026-11-05,Forties,REF_004,20.58,3.429,28.8,16.8,1.519,930.44,1.01,pipeline,18.18,22.98,3.309,3.549,ARIMA,0.74
2026-12-05,Forties,REF_004,19.25,3.597,44.0,5.3,1.209,938.61,1.1,pipeline,16.65,21.85,3.467,3.727,ARIMA,0.71
2027-01-04,Forties,REF_004,21.11,3.573,29.54,-14.0,0.715,927.18,1.0,pipeline,18.31,23.91,3.433,3.713,LSTM,0.68
2027-02-03,Forties,REF_004,22.91,3.516,5.52,-16.5,0.275,916.37,1.0,pipeline,19.91,25.91,3.366,3.666,ARIMA,0.65
2027-03-05,Forties,REF_004,17.52,3.861,45.69,-6.4,1.258,949.56,1.08,pipeline,14.32,20.72,3.701,4.021,LSTM,0.62
2027-04-04,Forties,REF_004,23.46,3.422,19.13,19.6,1.898,913.14,1.01,pipeline,20.06,26.86,3.252,3.592,ARIMA,0.6
2026-05-09,Forties,REF_005,20.52,3.634,40.36,12.5,1.956,930.82,1.06,rail,19.32,21.72,3.574,3.694,LSTM,0.92
2026-06-08,Forties,REF_005,19.7,3.715,42.85,-22.5,0.263,935.83,1.07,rail,18.3,21.1,3.645,3.785,ARIMA,0.89
2026-07-08,Forties,REF_005,21.4,3.583,8.25,-26.9,0.665,925.47,1.04,rail,19.8,23.0,3.503,3.663,ARIMA,0.86
2026-08-07,Forties,REF_005,20.08,3.65,50.66,-22.8,0.11,933.53,1.06,rail,18.28,21.88,3.56,3.74,Prophet,0.83
2026-09-06,Forties,REF_005,20.41,3.588,20.92,10.1,0.591,931.45,1.03,rail,18.41,22.41,3.488,3.688,LSTM,0.8
2026-10-06,Forties,REF_005,21.12,3.504,41.63,-1.2,0.641,927.14,1.05,rail,18.92,23.32,3.394,3.614,LSTM,0.77
2026-11-05,Forties,REF_005,19.75,3.418,29.59,-26.0,1.852,935.51,1.0,rail,17.35,22.15,3.298,3.538,Prophet,0.74
2026-12-05,Forties,REF_005,19.8,4.011,22.44,11.4,0.927,935.2,1.13,rail,17.2,22.4,3.881,4.141,Ensemble,0.71
2027-01-04,Forties,REF_005,19.16,3.645,52.69,-20.7,1.778,939.18,1.09,rail,16.36,21.96,3.505,3.785,Ensemble,0.68
2027-02-03,Forties,REF_005,16.85,3.813,42.56,9.1,0.446,953.84,1.11,rail,13.85,19.85,3.663,3.963,Prophet,0.65
2027-03-05,Forties,REF_005,19.01,3.574,24.93,-20.0,1.226,940.11,1.0,rail,15.81,22.21,3.414,3.734,LSTM,0.62
2027-04-04,Forties,REF_005,15.97,3.986,44.22,8.0,1.679,959.51,1.15,rail,12.57,19.37,3.816,4.156,Ensemble,0.6
2026-05-09,Basra Light,REF_001,21.34,3.937,37.62,-9.4,1.916,925.83,1.02,tanker,20.14,22.54,3.877,3.997,ARIMA,0.92
2026-06-08,Basra Light,REF_001,21.53,3.983,46.33,-9.3,1.667,924.66,1.03,tanker,20.13,22.93,3.913,4.053,Prophet,0.89
2026-07-08,Basra Light,REF_001,20.5,3.989,17.65,10.9,1.707,930.93,1.04,tanker,18.9,22.1,3.909,4.069,Ensemble,0.86
2026-08-07,Basra Light,REF_001,20.14,4.086,46.49,-8.4,1.079,933.11,1.05,tanker,18.34,21.94,3.996,4.176,ARIMA,0.83
2026-09-06,Basra Light,REF_001,20.48,3.976,35.43,11.7,1.435,931.04,1.05,tanker,18.48,22.48,3.876,4.076,Ensemble,0.8
2026-10-06,Basra Light,REF_001,21.57,4.132,29.17,-7.1,0.423,924.43,1.05,tanker,19.37,23.77,4.022,4.242,Prophet,0.77
2026-11-05,Basra Light,REF_001,21.49,3.989,6.19,-20.4,1.266,924.87,1.05,tanker,19.09,23.89,3.869,4.109,LSTM,0.74
2026-12-05,Basra Light,REF_001,22.72,4.101,27.28,-2.4,0.732,917.54,1.06,tanker,20.12,25.32,3.971,4.231,Ensemble,0.71
2027-01-04,Basra Light,REF_001,19.86,4.294,36.67,-24.1,1.399,934.89,1.09,tanker,17.06,22.66,4.154,4.434,LSTM,0.68
2027-02-03,Basra Light,REF_001,23.41,3.984,31.87,2.6,0.763,913.45,1.0,tanker,20.41,26.41,3.834,4.134,ARIMA,0.65
2027-03-05,Basra Light,REF_001,23.1,3.913,34.1,-19.1,0.531,915.28,1.0,tanker,19.9,26.3,3.753,4.073,Prophet,0.62
2027-04-04,Basra Light,REF_001,17.06,4.224,10.23,-1.8,0.875,952.45,1.11,tanker,13.66,20.46,4.054,4.394,LSTM,0.6
2026-05-09,Basra Light,REF_002,19.66,4.286,47.21,-16.3,0.503,936.11,1.11,rail,18.46,20.86,4.226,4.346,Prophet,0.92
2026-06-08,Basra Light,REF_002,19.83,4.373,51.91,-23.0,0.49,935.02,1.13,rail,18.43,21.23,4.303,4.443,Prophet,0.89
2026-07-08,Basra Light,REF_002,21.01,4.199,21.58,14.1,0.484,927.83,1.08,rail,19.41,22.61,4.119,4.279,Prophet,0.86
2026-08-07,Basra Light,REF_002,20.68,4.324,27.01,-11.6,1.779,929.82,1.12,rail,18.88,22.48,4.234,4.414,Prophet,0.83
2026-09-06,Basra Light,REF_002,21.51,4.06,38.68,-5.0,1.546,924.79,1.07,rail,19.51,23.51,3.96,4.16,Ensemble,0.8
2026-10-06,Basra Light,REF_002,21.73,4.023,23.64,-22.1,1.151,923.46,1.05,rail,19.53,23.93,3.913,4.133,Ensemble,0.77
2026-11-05,Basra Light,REF_002,20.88,4.321,24.93,10.3,0.304,928.6,1.15,rail,18.48,23.28,4.201,4.441,Prophet,0.74
2026-12-05,Basra Light,REF_002,20.21,4.334,56.34,16.0,0.472,932.71,1.15,rail,17.61,22.81,4.204,4.464,Prophet,0.71
2027-01-04,Basra Light,REF_002,22.48,4.022,45.57,-19.4,1.436,918.97,1.04,rail,19.68,25.28,3.882,4.162,Ensemble,0.68
2027-02-03,Basra Light,REF_002,21.2,4.196,25.31,17.5,1.725,926.66,1.11,rail,18.2,24.2,4.046,4.346,Prophet,0.65
2027-03-05,Basra Light,REF_002,16.57,4.384,34.95,3.5,0.477,955.61,1.13,rail,13.37,19.77,4.224,4.544,LSTM,0.62
2027-04-04,Basra Light,REF_002,18.3,3.936,15.28,-26.1,1.505,944.6,1.01,rail,14.9,21.7,3.766,4.106,Prophet,0.6
2026-05-09,Basra Light,REF_003,19.5,4.37,19.09,0.0,0.544,937.07,1.13,rail,18.3,20.7,4.31,4.43,Prophet,0.92
2026-06-08,Basra Light,REF_003,18.88,4.418,44.41,-17.9,1.583,940.93,1.13,rail,17.48,20.28,4.348,4.488,Ensemble,0.89
2026-07-08,Basra Light,REF_003,18.48,4.381,23.76,-6.7,1.359,943.45,1.15,rail,16.88,20.08,4.301,4.461,ARIMA,0.86
2026-08-07,Basra Light,REF_003,18.72,4.318,22.36,-10.1,1.491,941.92,1.14,rail,16.92,20.52,4.228,4.408,Prophet,0.83
2026-09-06,Basra Light,REF_003,21.1,4.073,42.4,16.9,0.907,927.28,1.08,rail,19.1,23.1,3.973,4.173,Ensemble,0.8
2026-10-06,Basra Light,REF_003,19.86,4.311,41.14,11.2,1.263,934.88,1.15,rail,17.66,22.06,4.201,4.421,Prophet,0.77
2026-11-05,Basra Light,REF_003,19.69,4.232,41.43,14.1,0.706,935.91,1.12,rail,17.29,22.09,4.112,4.352,Ensemble,0.74
2026-12-05,Basra Light,REF_003,17.44,4.318,51.92,-24.0,0.948,950.06,1.15,rail,14.84,20.04,4.188,4.448,ARIMA,0.71
2027-01-04,Basra Light,REF_003,18.12,4.612,14.97,10.9,1.212,945.75,1.15,rail,15.32,20.92,4.472,4.752,Ensemble,0.68
2027-02-03,Basra Light,REF_003,21.42,4.097,8.86,9.3,2.094,925.31,1.1,rail,18.42,24.42,3.947,4.247,ARIMA,0.65
2027-03-05,Basra Light,REF_003,16.38,4.282,30.13,16.7,0.862,956.88,1.15,rail,13.18,19.58,4.122,4.442,LSTM,0.62
2027-04-04,Basra Light,REF_003,22.36,4.376,8.26,-4.3,0.301,919.7,1.1,rail,18.96,25.76,4.206,4.546,ARIMA,0.6
2026-05-09,Basra Light,REF_004,21.81,3.929,20.46,12.9,0.397,922.97,1.02,tanker,20.61,23.01,3.869,3.989,Prophet,0.92
2026-06-08,Basra Light,REF_004,21.28,3.932,27.54,-10.7,0.68,926.15,1.01,tanker,19.88,22.68,3.862,4.002,ARIMA,0.89
2026-07-08,Basra Light,REF_004,21.69,3.834,48.96,-28.7,1.471,923.67,1.0,tanker,20.09,23.29,3.754,3.914,Prophet,0.86
2026-08-07,Basra Light,REF_004,20.83,4.052,45.03,-16.4,0.908,928.89,1.04,tanker,19.03,22.63,3.962,4.142,ARIMA,0.83
2026-09-06,Basra Light,REF_004,22.63,3.846,11.33,7.1,0.296,918.05,1.0,tanker,20.63,24.63,3.746,3.946,Prophet,0.8
2026-10-06,Basra Light,REF_004,21.13,3.842,26.92,-30.0,1.788,927.09,1.0,tanker,18.93,23.33,3.732,3.952,Ensemble,0.77
2026-11-05,Basra Light,REF_004,20.68,3.883,36.18,-7.1,0.182,929.81,1.01,tanker,18.28,23.08,3.763,4.003,LSTM,0.74
2026-12-05,Basra Light,REF_004,20.7,3.726,7.98,-29.3,0.519,929.7,1.0,tanker,18.1,23.3,3.596,3.856,Prophet,0.71
2027-01-04,Basra Light,REF_004,23.2,3.882,14.44,-2.8,0.541,914.69,1.05,tanker,20.4,26.0,3.742,4.022,Prophet,0.68
2027-02-03,Basra Light,REF_004,21.28,3.985,29.44,-17.4,1.917,926.16,1.06,tanker,18.28,24.28,3.835,4.135,Prophet,0.65
2027-03-05,Basra Light,REF_004,22.58,3.75,42.43,-15.8,0.501,918.34,1.0,tanker,19.38,25.78,3.59,3.91,Prophet,0.62
2027-04-04,Basra Light,REF_004,22.49,4.282,24.84,2.5,1.693,918.91,1.09,tanker,19.09,25.89,4.112,4.452,ARIMA,0.6
2026-05-09,Basra Light,REF_005,20.14,4.269,6.62,-23.8,1.894,933.11,1.1,rail,18.94,21.34,4.209,4.329,ARIMA,0.92
2026-06-08,Basra Light,REF_005,19.5,4.226,28.33,-24.8,1.302,937.06,1.1,rail,18.1,20.9,4.156,4.296,Ensemble,0.89
2026-07-08,Basra Light,REF_005,19.11,4.348,13.02,3.1,1.4,939.52,1.11,rail,17.51,20.71,4.268,4.428,Prophet,0.86
2026-08-07,Basra Light,REF_005,19.04,4.287,32.38,-12.0,0.484,939.96,1.11,rail,17.24,20.84,4.197,4.377,ARIMA,0.83
2026-09-06,Basra Light,REF_005,20.41,4.283,43.88,7.6,1.492,931.46,1.11,rail,18.41,22.41,4.183,4.383,LSTM,0.8
2026-10-06,Basra Light,REF_005,19.28,4.403,37.24,-11.5,1.187,938.46,1.14,rail,17.08,21.48,4.293,4.513,LSTM,0.77
2026-11-05,Basra Light,REF_005,20.6,3.985,5.23,15.0,0.665,930.29,1.03,rail,18.2,23.0,3.865,4.105,Ensemble,0.74
2026-12-05,Basra Light,REF_005,19.78,3.921,25.25,-4.0,2.04,935.34,1.03,rail,17.18,22.38,3.791,4.051,Ensemble,0.71
2027-01-04,Basra Light,REF_005,19.23,3.885,6.77,-5.0,0.87,938.73,1.02,rail,16.43,22.03,3.745,4.025,Ensemble,0.68
2027-02-03,Basra Light,REF_005,22.04,4.243,50.83,1.3,1.302,921.58,1.08,rail,19.04,25.04,4.093,4.393,ARIMA,0.65
2027-03-05,Basra Light,REF_005,21.24,4.548,41.33,-27.2,0.355,926.39,1.15,rail,18.04,24.44,4.388,4.708,Prophet,0.62
2027-04-04,Basra Light,REF_005,16.4,4.466,41.71,11.8,1.39,956.73,1.15,rail,13.0,19.8,4.296,4.636,Ensemble,0.6
